Symbol,Security,GICS Sector,GICS Sub-Industry,Headquarters Location,Date added,CIK,Founded,cik,name,ticker,exchange,RIC_Suffix,Ticker
A,Agilent Technologies,Health Care,Life Sciences Tools & Services,"Santa Clara, California",2000-06-05,1090872,1999,1090872,"AGILENT TECHNOLOGIES, INC.",A,NYSE,.N,A.N
AAPL,Apple Inc.,Information Technology,"Technology Hardware, Storage & Peripherals","Cupertino, California",1982-11-30,320193,1977,320193,Apple Inc.,AAPL,Nasdaq,.O,AAPL.O
ABBV,AbbVie,Health Care,Biotechnology,"North Chicago, Illinois",2012-12-31,1551152,2013 (1888),1551152,AbbVie Inc.,ABBV,NYSE,.N,ABBV.N
ABNB,Airbnb,Consumer Discretionary,"Hotels, Resorts & Cruise Lines","San Francisco, California",2023-09-18,1559720,2008,1559720,"Airbnb, Inc.",ABNB,Nasdaq,.O,ABNB.O
ABT,Abbott Laboratories,Health Care,Health Care Equipment,"North Chicago, Illinois",1957-03-04,1800,1888,1800,ABBOTT LABORATORIES,ABT,NYSE,.N,ABT.N
ACN,Accenture,Information Technology,IT Consulting & Other Services,"Dublin, Ireland",2011-07-06,1467373,1989,1467373,Accenture plc,ACN,NYSE,.N,ACN.N
ADBE,Adobe Inc.,Information Technology,Application Software,"San Jose, California",1997-05-05,796343,1982,796343,ADOBE INC.,ADBE,Nasdaq,.O,ADBE.O
ADI,Analog Devices,Information Technology,Semiconductors,"Wilmington, Massachusetts",1999-10-12,6281,1965,6281,ANALOG DEVICES INC,ADI,Nasdaq,.O,ADI.O
ADM,Archer Daniels Midland,Consumer Staples,Agricultural Products & Services,"Chicago, Illinois",1957-03-04,7084,1902,7084,Archer-Daniels-Midland Co,ADM,NYSE,.N,ADM.N
ADP,Automatic Data Processing,Industrials,Human Resource & Employment Services,"Roseland, New Jersey",1981-03-31,8670,1949,8670,AUTOMATIC DATA PROCESSING INC,ADP,Nasdaq,.O,ADP.O
ADSK,Autodesk,Information Technology,Application Software,"San Francisco, California",1989-12-01,769397,1982,769397,"Autodesk, Inc.",ADSK,Nasdaq,.O,ADSK.O
AEE,Ameren,Utilities,Multi-Utilities,"St. Louis, Missouri",1991-09-19,1002910,1902,1002910,AMEREN CORP,AEE,NYSE,.N,AEE.N
AEP,American Electric Power,Utilities,Electric Utilities,"Columbus, Ohio",1957-03-04,4904,1906,4904,AMERICAN ELECTRIC POWER CO INC,AEP,Nasdaq,.O,AEP.O
AES,AES Corporation,Utilities,Independent Power Producers & Energy Traders,"Arlington, Virginia",1998-10-02,874761,1981,874761,AES CORP,AES,NYSE,.N,AES.N
AKAM,Akamai Technologies,Information Technology,Internet Services & Infrastructure,"Cambridge, Massachusetts",2007-07-12,1086222,1998,1086222,AKAMAI TECHNOLOGIES INC,AKAM,Nasdaq,.O,AKAM.O
ALB,Albemarle Corporation,Materials,Specialty Chemicals,"Charlotte, North Carolina",2016-07-01,915913,1994,915913,ALBEMARLE CORP,ALB,NYSE,.N,ALB.N
ALB,Albemarle Corporation,Materials,Specialty Chemicals,"Charlotte, North Carolina",2016-07-01,915913,1994,915913,ALBEMARLE CORP,ALB-PA,NYSE,.N,ALB.N
ALGN,Align Technology,Health Care,Health Care Supplies,"Tempe, Arizona",2017-06-19,1097149,1997,1097149,ALIGN TECHNOLOGY INC,ALGN,Nasdaq,.O,ALGN.O
ALLE,Allegion,Industrials,Building Products,"Dublin, Ireland",2013-12-02,1579241,1908,1579241,Allegion plc,ALLE,NYSE,.N,ALLE.N
AMAT,Applied Materials,Information Technology,Semiconductor Materials & Equipment,"Santa Clara, California",1995-03-16,6951,1967,6951,APPLIED MATERIALS INC /DE,AMAT,Nasdaq,.O,AMAT.O
AMCR,Amcor,Materials,Paper & Plastic Packaging Products & Materials,"Warmley, Bristol, United Kingdom",2019-06-07,1748790,2019 (1860),1748790,Amcor plc,AMCR,NYSE,.N,AMCR.N
AMCR,Amcor,Materials,Paper & Plastic Packaging Products & Materials,"Warmley, Bristol, United Kingdom",2019-06-07,1748790,2019 (1860),1748790,Amcor plc,AMCCF,OTC,.PK,AMCR.PK
AMD,Advanced Micro Devices,Information Technology,Semiconductors,"Santa Clara, California",2017-03-20,2488,1969,2488,ADVANCED MICRO DEVICES INC,AMD,Nasdaq,.O,AMD.O
AME,Ametek,Industrials,Electrical Components & Equipment,"Berwyn, Pennsylvania",2013-09-23,1037868,1930,1037868,AMETEK INC/,AME,NYSE,.N,AME.N
AMGN,Amgen,Health Care,Biotechnology,"Thousand Oaks, California",1992-01-02,318154,1980,318154,AMGEN INC,AMGN,Nasdaq,.O,AMGN.O
AMT,American Tower,Real Estate,Telecom Tower REITs,"Boston, Massachusetts",2007-11-19,1053507,1995,1053507,AMERICAN TOWER CORP /MA/,AMT,NYSE,.N,AMT.N
AMZN,Amazon,Consumer Discretionary,Broadline Retail,"Seattle, Washington",2005-11-18,1018724,1994,1018724,AMAZON COM INC,AMZN,Nasdaq,.O,AMZN.O
ANET,Arista Networks,Information Technology,Communications Equipment,"Santa Clara, California",2018-08-28,1596532,2004,1596532,"Arista Networks, Inc.",ANET,NYSE,.N,ANET.N
ANSS,Ansys,Information Technology,Application Software,"Canonsburg, Pennsylvania",2017-06-19,1013462,1969,1013462,ANSYS INC,ANSS,Nasdaq,.O,ANSS.O
AOS,A. O. Smith,Industrials,Building Products,"Milwaukee, Wisconsin",2017-07-26,91142,1916,91142,SMITH A O CORP,AOS,NYSE,.N,AOS.N
APA,APA Corporation,Energy,Oil & Gas Exploration & Production,"Houston, Texas",1997-07-28,1841666,1954,1841666,APA Corp,APA,Nasdaq,.O,APA.O
APD,Air Products,Materials,Industrial Gases,"Upper Macungie Township, Pennsylvania",1985-04-30,2969,1940,2969,"Air Products & Chemicals, Inc.",APD,NYSE,.N,APD.N
APH,Amphenol,Information Technology,Electronic Components,"Wallingford, Connecticut",2008-09-30,820313,1932,820313,AMPHENOL CORP /DE/,APH,NYSE,.N,APH.N
APTV,Aptiv,Consumer Discretionary,Automotive Parts & Equipment,"Dublin, Ireland",2012-12-24,1521332,1994,1521332,Aptiv PLC,APTV,NYSE,.N,APTV.N
ARE,Alexandria Real Estate Equities,Real Estate,Office REITs,"Pasadena, California",2017-03-20,1035443,1994,1035443,"ALEXANDRIA REAL ESTATE EQUITIES, INC.",ARE,NYSE,.N,ARE.N
ATO,Atmos Energy,Utilities,Gas Utilities,"Dallas, Texas",2019-02-15,731802,1906,731802,ATMOS ENERGY CORP,ATO,NYSE,.N,ATO.N
AVB,AvalonBay Communities,Real Estate,Multi-Family Residential REITs,"Arlington, Virginia",2007-01-10,915912,1978,915912,AVALONBAY COMMUNITIES INC,AVB,NYSE,.N,AVB.N
AVGO,Broadcom,Information Technology,Semiconductors,"Palo Alto, California",2014-05-08,1730168,1961,1730168,Broadcom Inc.,AVGO,Nasdaq,.O,AVGO.O
AVY,Avery Dennison,Materials,Paper & Plastic Packaging Products & Materials,"Mentor, Ohio",1987-12-31,8818,1935,8818,Avery Dennison Corp,AVY,NYSE,.N,AVY.N
AWK,American Water Works,Utilities,Water Utilities,"Camden, New Jersey",2016-03-04,1410636,1886,1410636,"American Water Works Company, Inc.",AWK,NYSE,.N,AWK.N
AXON,Axon Enterprise,Industrials,Aerospace & Defense,"Scottsdale, Arizona",2023-05-04,1069183,1993,1069183,"AXON ENTERPRISE, INC.",AXON,Nasdaq,.O,AXON.O
AZO,AutoZone,Consumer Discretionary,Automotive Retail,"Memphis, Tennessee",1997-01-02,866787,1979,866787,AUTOZONE INC,AZO,NYSE,.N,AZO.N
BA,Boeing,Industrials,Aerospace & Defense,"Arlington, Virginia",1957-03-04,12927,1916,12927,BOEING CO,BA,NYSE,.N,BA.N
BA,Boeing,Industrials,Aerospace & Defense,"Arlington, Virginia",1957-03-04,12927,1916,12927,BOEING CO,BA-PA,NYSE,.N,BA.N
BALL,Ball Corporation,Materials,"Metal, Glass & Plastic Containers","Broomfield, Colorado",1984-10-31,9389,1880,9389,BALL Corp,BALL,NYSE,.N,BALL.N
BAX,Baxter International,Health Care,Health Care Equipment,"Deerfield, Illinois",1972-09-30,10456,1931,10456,BAXTER INTERNATIONAL INC,BAX,NYSE,.N,BAX.N
BBY,Best Buy,Consumer Discretionary,Computer & Electronics Retail,"Richfield, Minnesota",1999-06-29,764478,1966,764478,BEST BUY CO INC,BBY,NYSE,.N,BBY.N
BDX,Becton Dickinson,Health Care,Health Care Equipment,"Franklin Lakes, New Jersey",1972-09-30,10795,1897,10795,BECTON DICKINSON & CO,BDX,NYSE,.N,BDX.N
BF.B,Brown–Forman,Consumer Staples,Distillers & Vintners,"Louisville, Kentucky",1982-10-31,14693,1870,14693,BROWN FORMAN CORP,BF-A,NYSE,.N,BF.B.N
BF.B,Brown–Forman,Consumer Staples,Distillers & Vintners,"Louisville, Kentucky",1982-10-31,14693,1870,14693,BROWN FORMAN CORP,BF-B,NYSE,.N,BF.B.N
BG,Bunge Global,Consumer Staples,Agricultural Products & Services,"Chesterfield, Missouri",2023-03-15,1996862,1818,1996862,Bunge Global SA,BG,NYSE,.N,BG.N
BIIB,Biogen,Health Care,Biotechnology,"Cambridge, Massachusetts",2003-11-13,875045,1978,875045,BIOGEN INC.,BIIB,Nasdaq,.O,BIIB.O
BKNG,Booking Holdings,Consumer Discretionary,"Hotels, Resorts & Cruise Lines","Norwalk, Connecticut",2009-11-06,1075531,1996,1075531,Booking Holdings Inc.,BKNG,Nasdaq,.O,BKNG.O
BKR,Baker Hughes,Energy,Oil & Gas Equipment & Services,"Houston, Texas",2017-07-07,1701605,2017,1701605,Baker Hughes Co,BKR,Nasdaq,.O,BKR.O
BLDR,Builders FirstSource,Industrials,Building Products,"Irving, Texas",2023-12-18,1316835,1998,1316835,"Builders FirstSource, Inc.",BLDR,NYSE,.N,BLDR.N
BMY,Bristol Myers Squibb,Health Care,Pharmaceuticals,"New York City, New York",1957-03-04,14272,1989 (1887),14272,BRISTOL MYERS SQUIBB CO,BMY,NYSE,.N,BMY.N
BMY,Bristol Myers Squibb,Health Care,Pharmaceuticals,"New York City, New York",1957-03-04,14272,1989 (1887),14272,BRISTOL MYERS SQUIBB CO,BMYMP,OTC,.PK,BMY.PK
BMY,Bristol Myers Squibb,Health Care,Pharmaceuticals,"New York City, New York",1957-03-04,14272,1989 (1887),14272,BRISTOL MYERS SQUIBB CO,CELG-RI,NYSE,.N,BMY.N
BR,Broadridge Financial Solutions,Industrials,Data Processing & Outsourced Services,"Lake Success, New York",2018-06-18,1383312,1962,1383312,"BROADRIDGE FINANCIAL SOLUTIONS, INC.",BR,NYSE,.N,BR.N
BSX,Boston Scientific,Health Care,Health Care Equipment,"Marlborough, Massachusetts",1995-02-24,885725,1979,885725,BOSTON SCIENTIFIC CORP,BSX,NYSE,.N,BSX.N
BWA,BorgWarner,Consumer Discretionary,Automotive Parts & Equipment,"Auburn Hills, Michigan",2011-12-19,908255,1880,908255,BORGWARNER INC,BWA,NYSE,.N,BWA.N
BXP,"BXP, Inc.",Real Estate,Office REITs,"Boston, Massachusetts",2006-04-03,1037540,1970,1037540,"BXP, Inc.",BXP,NYSE,.N,BXP.N
CAG,Conagra Brands,Consumer Staples,Packaged Foods & Meats,"Chicago, Illinois",1983-08-31,23217,1919,23217,CONAGRA BRANDS INC.,CAG,NYSE,.N,CAG.N
CAH,Cardinal Health,Health Care,Health Care Distributors,"Dublin, Ohio",1997-05-27,721371,1971,721371,CARDINAL HEALTH INC,CAH,NYSE,.N,CAH.N
CARR,Carrier Global,Industrials,Building Products,"Palm Beach Gardens, Florida",2020-04-03,1783180,"2020 (1915, United Technologies spinoff)",1783180,CARRIER GLOBAL Corp,CARR,NYSE,.N,CARR.N
CAT,Caterpillar Inc.,Industrials,Construction Machinery & Heavy Transportation Equipment,"Irving, Texas",1957-03-04,18230,1925,18230,CATERPILLAR INC,CAT,NYSE,.N,CAT.N
CBRE,CBRE Group,Real Estate,Real Estate Services,"Dallas, Texas",2006-11-10,1138118,1906,1138118,"CBRE GROUP, INC.",CBRE,NYSE,.N,CBRE.N
CCI,Crown Castle,Real Estate,Telecom Tower REITs,"Houston, Texas",2012-03-14,1051470,1994,1051470,CROWN CASTLE INC.,CCI,NYSE,.N,CCI.N
CCL,Carnival,Consumer Discretionary,"Hotels, Resorts & Cruise Lines","Miami, Florida",1998-12-22,815097,1972,815097,CARNIVAL CORP,CCL,NYSE,.N,CCL.N
CDNS,Cadence Design Systems,Information Technology,Application Software,"San Jose, California",2017-09-18,813672,1988,813672,CADENCE DESIGN SYSTEMS INC,CDNS,Nasdaq,.O,CDNS.O
CDW,CDW,Information Technology,Technology Distributors,"Vernon Hills, Illinois",2019-09-23,1402057,1984,1402057,CDW Corp,CDW,Nasdaq,.O,CDW.O
CE,Celanese,Materials,Specialty Chemicals,"Irving, Texas",2018-12-24,1306830,1918,1306830,Celanese Corp,CE,NYSE,.N,CE.N
CEG,Constellation Energy,Utilities,Electric Utilities,"Baltimore, Maryland",2022-02-02,1868275,1999,1868275,Constellation Energy Corp,CEG,Nasdaq,.O,CEG.O
CF,CF Industries,Materials,Fertilizers & Agricultural Chemicals,"Deerfield, Illinois",2008-08-27,1324404,1946,1324404,"CF Industries Holdings, Inc.",CF,NYSE,.N,CF.N
CHD,Church & Dwight,Consumer Staples,Household Products,"Ewing, New Jersey",2015-12-29,313927,1847,313927,CHURCH & DWIGHT CO INC /DE/,CHD,NYSE,.N,CHD.N
CHRW,C.H. Robinson,Industrials,Air Freight & Logistics,"Eden Prairie, Minnesota",2007-03-02,1043277,1905,1043277,"C. H. ROBINSON WORLDWIDE, INC.",CHRW,Nasdaq,.O,CHRW.O
CHTR,Charter Communications,Communication Services,Cable & Satellite,"Stamford, Connecticut",2016-09-08,1091667,1993,1091667,"CHARTER COMMUNICATIONS, INC. /MO/",CHTR,Nasdaq,.O,CHTR.O
CI,Cigna,Health Care,Health Care Services,"Bloomfield, Connecticut",1976-06-30,1739940,1982,1739940,Cigna Group,CI,NYSE,.N,CI.N
CL,Colgate-Palmolive,Consumer Staples,Household Products,"New York City, New York",1957-03-04,21665,1806,21665,COLGATE PALMOLIVE CO,CL,NYSE,.N,CL.N
CLX,Clorox,Consumer Staples,Household Products,"Oakland, California",1969-03-31,21076,1913,21076,CLOROX CO /DE/,CLX,NYSE,.N,CLX.N
CMCSA,Comcast,Communication Services,Cable & Satellite,"Philadelphia, Pennsylvania",2002-11-19,1166691,1963,1166691,COMCAST CORP,CMCSA,Nasdaq,.O,CMCSA.O
CMCSA,Comcast,Communication Services,Cable & Satellite,"Philadelphia, Pennsylvania",2002-11-19,1166691,1963,1166691,COMCAST CORP,CCZ,NYSE,.N,CMCSA.N
CMG,Chipotle Mexican Grill,Consumer Discretionary,Restaurants,"Newport Beach, California",2011-04-28,1058090,1993,1058090,CHIPOTLE MEXICAN GRILL INC,CMG,NYSE,.N,CMG.N
CMI,Cummins,Industrials,Construction Machinery & Heavy Transportation Equipment,"Columbus, Indiana",1965-03-31,26172,1919,26172,CUMMINS INC,CMI,NYSE,.N,CMI.N
CMS,CMS Energy,Utilities,Multi-Utilities,"Jackson, Michigan",1957-03-04,811156,1886,811156,CMS ENERGY CORP,CMS,NYSE,.N,CMS.N
CMS,CMS Energy,Utilities,Multi-Utilities,"Jackson, Michigan",1957-03-04,811156,1886,811156,CMS ENERGY CORP,CMSA,NYSE,.N,CMS.N
CMS,CMS Energy,Utilities,Multi-Utilities,"Jackson, Michigan",1957-03-04,811156,1886,811156,CMS ENERGY CORP,CMSC,NYSE,.N,CMS.N
CMS,CMS Energy,Utilities,Multi-Utilities,"Jackson, Michigan",1957-03-04,811156,1886,811156,CMS ENERGY CORP,CMSD,NYSE,.N,CMS.N
CMS,CMS Energy,Utilities,Multi-Utilities,"Jackson, Michigan",1957-03-04,811156,1886,811156,CMS ENERGY CORP,CMS-PC,NYSE,.N,CMS.N
CNC,Centene Corporation,Health Care,Managed Health Care,"St. Louis, Missouri",2016-03-30,1071739,1984,1071739,CENTENE CORP,CNC,NYSE,.N,CNC.N
CNP,CenterPoint Energy,Utilities,Multi-Utilities,"Houston, Texas",1985-07-31,1130310,1882,1130310,CENTERPOINT ENERGY INC,CNP,NYSE,.N,CNP.N
COO,Cooper Companies (The),Health Care,Health Care Supplies,"San Ramon, California",2016-09-23,711404,1958,711404,"COOPER COMPANIES, INC.",COO,Nasdaq,.O,COO.O
COP,ConocoPhillips,Energy,Oil & Gas Exploration & Production,"Houston, Texas",1957-03-04,1163165,2002,1163165,CONOCOPHILLIPS,COP,NYSE,.N,COP.N
COR,Cencora,Health Care,Health Care Distributors,"Conshohocken, Pennsylvania",2001-08-30,1140859,1985,1140859,"Cencora, Inc.",COR,NYSE,.N,COR.N
COST,Costco,Consumer Staples,Consumer Staples Merchandise Retail,"Issaquah, Washington",1993-10-01,909832,1976,909832,COSTCO WHOLESALE CORP /NEW,COST,Nasdaq,.O,COST.O
CPB,Campbell Soup Company,Consumer Staples,Packaged Foods & Meats,"Camden, New Jersey",1957-03-04,16732,1869,16732,CAMPBELL'S Co,CPB,Nasdaq,.O,CPB.O
CPRT,Copart,Industrials,Diversified Support Services,"Dallas, Texas",2018-07-02,900075,1982,900075,COPART INC,CPRT,Nasdaq,.O,CPRT.O
CPT,Camden Property Trust,Real Estate,Multi-Family Residential REITs,"Houston, Texas",2022-04-04,906345,1981,906345,CAMDEN PROPERTY TRUST,CPT,NYSE,.N,CPT.N
CRL,Charles River Laboratories,Health Care,Life Sciences Tools & Services,"Wilmington, Massachusetts",2021-05-14,1100682,1947,1100682,"CHARLES RIVER LABORATORIES INTERNATIONAL, INC.",CRL,NYSE,.N,CRL.N
CRM,Salesforce,Information Technology,Application Software,"San Francisco, California",2008-09-15,1108524,1999,1108524,"Salesforce, Inc.",CRM,NYSE,.N,CRM.N
CRWD,CrowdStrike,Information Technology,Systems Software,"Austin, Texas",2024-06-24,1535527,2011,1535527,"CrowdStrike Holdings, Inc.",CRWD,Nasdaq,.O,CRWD.O
CSCO,Cisco,Information Technology,Communications Equipment,"San Jose, California",1993-12-01,858877,1984,858877,"CISCO SYSTEMS, INC.",CSCO,Nasdaq,.O,CSCO.O
CSGP,CoStar Group,Real Estate,Real Estate Services,"Washington, D.C.",2022-09-19,1057352,1987,1057352,"COSTAR GROUP, INC.",CSGP,Nasdaq,.O,CSGP.O
CSX,CSX Corporation,Industrials,Rail Transportation,"Jacksonville, Florida",1957-03-04,277948,1980,277948,CSX CORP,CSX,Nasdaq,.O,CSX.O
CTAS,Cintas,Industrials,Diversified Support Services,"Mason, Ohio",2001-03-01,723254,1929,723254,CINTAS CORP,CTAS,Nasdaq,.O,CTAS.O
CTRA,Coterra,Energy,Oil & Gas Exploration & Production,"Houston, Texas",2008-06-23,858470,2021 (1989),858470,Coterra Energy Inc.,CTRA,NYSE,.N,CTRA.N
CTSH,Cognizant,Information Technology,IT Consulting & Other Services,"Teaneck, New Jersey",2006-11-17,1058290,1994,1058290,COGNIZANT TECHNOLOGY SOLUTIONS CORP,CTSH,Nasdaq,.O,CTSH.O
CTVA,Corteva,Materials,Fertilizers & Agricultural Chemicals,"Indianapolis, Indiana",2019-06-03,1755672,2019,1755672,"Corteva, Inc.",CTVA,NYSE,.N,CTVA.N
CVS,CVS Health,Health Care,Health Care Services,"Woonsocket, Rhode Island",1957-03-04,64803,1996,64803,CVS HEALTH Corp,CVS,NYSE,.N,CVS.N
CVX,Chevron Corporation,Energy,Integrated Oil & Gas,"San Ramon, California",1957-03-04,93410,1879,93410,CHEVRON CORP,CVX,NYSE,.N,CVX.N
CZR,Caesars Entertainment,Consumer Discretionary,Casinos & Gaming,"Reno, Nevada",2021-03-22,1590895,1973,1590895,"Caesars Entertainment, Inc.",CZR,Nasdaq,.O,CZR.O
D,Dominion Energy,Utilities,Multi-Utilities,"Richmond, Virginia",2016-11-30,715957,1983,715957,"DOMINION ENERGY, INC",D,NYSE,.N,D.N
DAL,Delta Air Lines,Industrials,Passenger Airlines,"Atlanta, Georgia",2013-09-11,27904,1929,27904,"DELTA AIR LINES, INC.",DAL,NYSE,.N,DAL.N
DAY,Dayforce,Industrials,Human Resource & Employment Services,"Minneapolis, Minnesota",2021-09-20,1725057,1992,1725057,"Dayforce, Inc.",DAY,NYSE,.N,DAY.N
DD,DuPont,Materials,Specialty Chemicals,"Wilmington, Delaware",2019-04-02,1666700,2017 (1802),1666700,"DuPont de Nemours, Inc.",DD,NYSE,.N,DD.N
DE,Deere & Company,Industrials,Agricultural & Farm Machinery,"Moline, Illinois",1957-03-04,315189,1837,315189,DEERE & CO,DE,NYSE,.N,DE.N
DECK,Deckers Brands,Consumer Discretionary,Footwear,"Goleta, California",2024-03-18,910521,1973,910521,DECKERS OUTDOOR CORP,DECK,NYSE,.N,DECK.N
DELL,Dell Technologies,Information Technology,"Technology Hardware, Storage & Peripherals","Round Rock, Texas",2024-09-23,1571996,2016,1571996,Dell Technologies Inc.,DELL,NYSE,.N,DELL.N
DG,Dollar General,Consumer Staples,Consumer Staples Merchandise Retail,"Goodlettsville, Tennessee",2012-12-03,29534,1939,29534,DOLLAR GENERAL CORP,DG,NYSE,.N,DG.N
DGX,Quest Diagnostics,Health Care,Health Care Services,"Secaucus, New Jersey",2002-12-12,1022079,1967,1022079,QUEST DIAGNOSTICS INC,DGX,NYSE,.N,DGX.N
DHI,D. R. Horton,Consumer Discretionary,Homebuilding,"Arlington, Texas",2005-06-22,882184,1978,882184,HORTON D R INC /DE/,DHI,NYSE,.N,DHI.N
DHR,Danaher Corporation,Health Care,Life Sciences Tools & Services,"Washington, D.C.",1998-11-18,313616,1969,313616,DANAHER CORP /DE/,DHR,NYSE,.N,DHR.N
DIS,Walt Disney Company (The),Communication Services,Movies & Entertainment,"Burbank, California",1976-06-30,1744489,1923,1744489,Walt Disney Co,DIS,NYSE,.N,DIS.N
DLR,Digital Realty,Real Estate,Data Center REITs,"Austin, Texas",2016-05-18,1297996,2004,1297996,"DIGITAL REALTY TRUST, INC.",DLR,NYSE,.N,DLR.N
DLR,Digital Realty,Real Estate,Data Center REITs,"Austin, Texas",2016-05-18,1297996,2004,1297996,"DIGITAL REALTY TRUST, INC.",DLR-PK,NYSE,.N,DLR.N
DLR,Digital Realty,Real Estate,Data Center REITs,"Austin, Texas",2016-05-18,1297996,2004,1297996,"DIGITAL REALTY TRUST, INC.",DLR-PJ,NYSE,.N,DLR.N
DLR,Digital Realty,Real Estate,Data Center REITs,"Austin, Texas",2016-05-18,1297996,2004,1297996,"DIGITAL REALTY TRUST, INC.",DLR-PL,NYSE,.N,DLR.N
DLTR,Dollar Tree,Consumer Staples,Consumer Staples Merchandise Retail,"Chesapeake, Virginia",2011-12-19,935703,1986,935703,"DOLLAR TREE, INC.",DLTR,Nasdaq,.O,DLTR.O
DOC,Healthpeak Properties,Real Estate,Health Care REITs,"Denver, Colorado",2008-03-31,765880,1985,765880,"HEALTHPEAK PROPERTIES, INC.",DOC,NYSE,.N,DOC.N
DOV,Dover Corporation,Industrials,Industrial Machinery & Supplies & Components,"Downers Grove, Illinois",1985-10-31,29905,1955,29905,DOVER Corp,DOV,NYSE,.N,DOV.N
DOW,Dow Inc.,Materials,Commodity Chemicals,"Midland, Michigan",2019-04-01,1751788,2019 (1897),1751788,DOW INC.,DOW,NYSE,.N,DOW.N
DPZ,Domino's,Consumer Discretionary,Restaurants,"Ann Arbor, Michigan",2020-05-12,1286681,1960,1286681,DOMINOS PIZZA INC,DPZ,Nasdaq,.O,DPZ.O
DRI,Darden Restaurants,Consumer Discretionary,Restaurants,"Orlando, Florida",1995-05-31,940944,1938,940944,DARDEN RESTAURANTS INC,DRI,NYSE,.N,DRI.N
DTE,DTE Energy,Utilities,Multi-Utilities,"Detroit, Michigan",1957-03-04,936340,1995,936340,DTE ENERGY CO,DTE,NYSE,.N,DTE.N
DTE,DTE Energy,Utilities,Multi-Utilities,"Detroit, Michigan",1957-03-04,936340,1995,936340,DTE ENERGY CO,DTW,NYSE,.N,DTE.N
DTE,DTE Energy,Utilities,Multi-Utilities,"Detroit, Michigan",1957-03-04,936340,1995,936340,DTE ENERGY CO,DTB,NYSE,.N,DTE.N
DTE,DTE Energy,Utilities,Multi-Utilities,"Detroit, Michigan",1957-03-04,936340,1995,936340,DTE ENERGY CO,DTG,NYSE,.N,DTE.N
DUK,Duke Energy,Utilities,Electric Utilities,"Charlotte, North Carolina",1976-06-30,1326160,1904,1326160,Duke Energy CORP,DUK,NYSE,.N,DUK.N
DUK,Duke Energy,Utilities,Electric Utilities,"Charlotte, North Carolina",1976-06-30,1326160,1904,1326160,Duke Energy CORP,DUK-PA,NYSE,.N,DUK.N
DUK,Duke Energy,Utilities,Electric Utilities,"Charlotte, North Carolina",1976-06-30,1326160,1904,1326160,Duke Energy CORP,DUKH,Nasdaq,.O,DUK.O
DUK,Duke Energy,Utilities,Electric Utilities,"Charlotte, North Carolina",1976-06-30,1326160,1904,1326160,Duke Energy CORP,DUKB,NYSE,.N,DUK.N
DVA,DaVita,Health Care,Health Care Services,"Denver, Colorado",2008-07-31,927066,1979,927066,DAVITA INC.,DVA,NYSE,.N,DVA.N
DVN,Devon Energy,Energy,Oil & Gas Exploration & Production,"Oklahoma City, Oklahoma",2000-08-30,1090012,1971,1090012,DEVON ENERGY CORP/DE,DVN,NYSE,.N,DVN.N
DXCM,Dexcom,Health Care,Health Care Equipment,"San Diego, California",2020-05-12,1093557,1999,1093557,DEXCOM INC,DXCM,Nasdaq,.O,DXCM.O
EA,Electronic Arts,Communication Services,Interactive Home Entertainment,"Redwood City, California",2002-07-22,712515,1982,712515,ELECTRONIC ARTS INC.,EA,Nasdaq,.O,EA.O
EBAY,eBay,Consumer Discretionary,Broadline Retail,"San Jose, California",2002-07-22,1065088,1995,1065088,EBAY INC,EBAY,Nasdaq,.O,EBAY.O
ECL,Ecolab,Materials,Specialty Chemicals,"Saint Paul, Minnesota",1989-01-31,31462,1923,31462,ECOLAB INC.,ECL,NYSE,.N,ECL.N
ED,Consolidated Edison,Utilities,Multi-Utilities,"New York City, New York",1957-03-04,1047862,1823,1047862,CONSOLIDATED EDISON INC,ED,NYSE,.N,ED.N
EFX,Equifax,Industrials,Research & Consulting Services,"Atlanta, Georgia",1997-06-19,33185,1899,33185,EQUIFAX INC,EFX,NYSE,.N,EFX.N
EIX,Edison International,Utilities,Electric Utilities,"Rosemead, California",1957-03-04,827052,1886,827052,EDISON INTERNATIONAL,EIX,NYSE,.N,EIX.N
EL,Estée Lauder Companies (The),Consumer Staples,Personal Care Products,"New York City, New York",2006-01-05,1001250,1946,1001250,ESTEE LAUDER COMPANIES INC,EL,NYSE,.N,EL.N
ELV,Elevance Health,Health Care,Managed Health Care,"Indianapolis, Indiana",2002-07-25,1156039,2014 (1946),1156039,"Elevance Health, Inc.",ELV,NYSE,.N,ELV.N
EMN,Eastman Chemical Company,Materials,Specialty Chemicals,"Kingsport, Tennessee",1994-01-01,915389,1920,915389,EASTMAN CHEMICAL CO,EMN,NYSE,.N,EMN.N
EMR,Emerson Electric,Industrials,Electrical Components & Equipment,"Ferguson, Missouri",1965-03-31,32604,1890,32604,EMERSON ELECTRIC CO,EMR,NYSE,.N,EMR.N
ENPH,Enphase Energy,Information Technology,Semiconductor Materials & Equipment,"Fremont, California",2021-01-07,1463101,2006,1463101,"Enphase Energy, Inc.",ENPH,Nasdaq,.O,ENPH.O
EOG,EOG Resources,Energy,Oil & Gas Exploration & Production,"Houston, Texas",2000-11-02,821189,1999,821189,EOG RESOURCES INC,EOG,NYSE,.N,EOG.N
EPAM,EPAM Systems,Information Technology,IT Consulting & Other Services,"Newtown, Pennsylvania",2021-12-14,1352010,1993,1352010,"EPAM Systems, Inc.",EPAM,NYSE,.N,EPAM.N
EQIX,Equinix,Real Estate,Data Center REITs,"Redwood City, California",2015-03-20,1101239,1998,1101239,EQUINIX INC,EQIX,Nasdaq,.O,EQIX.O
EQR,Equity Residential,Real Estate,Multi-Family Residential REITs,"Chicago, Illinois",2001-12-03,906107,1969,906107,EQUITY RESIDENTIAL,EQR,NYSE,.N,EQR.N
EQT,EQT Corporation,Energy,Oil & Gas Exploration & Production,"Pittsburgh, Pennsylvania",2022-10-03,33213,1888,33213,EQT Corp,EQT,NYSE,.N,EQT.N
ES,Eversource Energy,Utilities,Electric Utilities,"Hartford, Connecticut",2009-07-24,72741,1966,72741,EVERSOURCE ENERGY,ES,NYSE,.N,ES.N
ESS,Essex Property Trust,Real Estate,Multi-Family Residential REITs,"San Mateo, California",2014-04-02,920522,1971,920522,"ESSEX PROPERTY TRUST, INC.",ESS,NYSE,.N,ESS.N
ETN,Eaton Corporation,Industrials,Electrical Components & Equipment,"Dublin, Ireland",1957-03-04,1551182,1911,1551182,Eaton Corp plc,ETN,NYSE,.N,ETN.N
ETR,Entergy,Utilities,Electric Utilities,"New Orleans, Louisiana",1957-03-04,65984,1913,65984,ENTERGY CORP /DE/,ETR,NYSE,.N,ETR.N
EVRG,Evergy,Utilities,Electric Utilities,"Kansas City, Missouri",2018-06-05,1711269,1909,1711269,"Evergy, Inc.",EVRG,Nasdaq,.O,EVRG.O
EW,Edwards Lifesciences,Health Care,Health Care Equipment,"Irvine, California",2011-04-01,1099800,1958,1099800,Edwards Lifesciences Corp,EW,NYSE,.N,EW.N
EXC,Exelon,Utilities,Electric Utilities,"Chicago, Illinois",1957-03-04,1109357,2000,1109357,EXELON CORP,EXC,Nasdaq,.O,EXC.O
EXPD,Expeditors International,Industrials,Air Freight & Logistics,"Seattle, Washington",2007-10-10,746515,1979,746515,EXPEDITORS INTERNATIONAL OF WASHINGTON INC,EXPD,NYSE,.N,EXPD.N
EXPE,Expedia Group,Consumer Discretionary,"Hotels, Resorts & Cruise Lines","Seattle, Washington",2007-10-02,1324424,1996,1324424,"Expedia Group, Inc.",EXPE,Nasdaq,.O,EXPE.O
EXR,Extra Space Storage,Real Estate,Self-Storage REITs,"Salt Lake City, Utah",2016-01-19,1289490,1977,1289490,Extra Space Storage Inc.,EXR,NYSE,.N,EXR.N
F,Ford Motor Company,Consumer Discretionary,Automobile Manufacturers,"Dearborn, Michigan",1957-03-04,37996,1903,37996,FORD MOTOR CO,F,NYSE,.N,F.N
F,Ford Motor Company,Consumer Discretionary,Automobile Manufacturers,"Dearborn, Michigan",1957-03-04,37996,1903,37996,FORD MOTOR CO,F-PB,NYSE,.N,F.N
F,Ford Motor Company,Consumer Discretionary,Automobile Manufacturers,"Dearborn, Michigan",1957-03-04,37996,1903,37996,FORD MOTOR CO,F-PC,NYSE,.N,F.N
F,Ford Motor Company,Consumer Discretionary,Automobile Manufacturers,"Dearborn, Michigan",1957-03-04,37996,1903,37996,FORD MOTOR CO,F-PD,NYSE,.N,F.N
FANG,Diamondback Energy,Energy,Oil & Gas Exploration & Production,"Midland, Texas",2018-12-03,1539838,2007,1539838,"Diamondback Energy, Inc.",FANG,Nasdaq,.O,FANG.O
FAST,Fastenal,Industrials,Trading Companies & Distributors,"Winona, Minnesota",2008-09-15,815556,1967,815556,FASTENAL CO,FAST,Nasdaq,.O,FAST.O
FCX,Freeport-McMoRan,Materials,Copper,"Phoenix, Arizona",2011-07-01,831259,1912,831259,FREEPORT-MCMORAN INC,FCX,NYSE,.N,FCX.N
FDX,FedEx,Industrials,Air Freight & Logistics,"Memphis, Tennessee",1980-12-31,1048911,1971,1048911,FEDEX CORP,FDX,NYSE,.N,FDX.N
FE,FirstEnergy,Utilities,Electric Utilities,"Akron, Ohio",1997-11-28,1031296,1997,1031296,FIRSTENERGY CORP,FE,NYSE,.N,FE.N
FFIV,"F5, Inc.",Information Technology,Communications Equipment,"Seattle, Washington",2010-12-20,1048695,1996,1048695,"F5, INC.",FFIV,Nasdaq,.O,FFIV.O
FICO,Fair Isaac,Information Technology,Application Software,"Bozeman, Montana",2023-03-20,814547,1956,814547,FAIR ISAAC CORP,FICO,NYSE,.N,FICO.N
FMC,FMC Corporation,Materials,Fertilizers & Agricultural Chemicals,"Philadelphia, Pennsylvania",2009-08-19,37785,1883,37785,FMC CORP,FMC,NYSE,.N,FMC.N
FOX,Fox Corporation (Class B),Communication Services,Broadcasting,"New York City, New York",2019-03-04,1754301,2019,1754301,Fox Corp,FOXA,Nasdaq,.O,FOX.O
FOX,Fox Corporation (Class B),Communication Services,Broadcasting,"New York City, New York",2019-03-04,1754301,2019,1754301,Fox Corp,FOX,Nasdaq,.O,FOX.O
FOXA,Fox Corporation (Class A),Communication Services,Broadcasting,"New York City, New York",2019-03-04,1754301,2019,1754301,Fox Corp,FOXA,Nasdaq,.O,FOXA.O
FOXA,Fox Corporation (Class A),Communication Services,Broadcasting,"New York City, New York",2019-03-04,1754301,2019,1754301,Fox Corp,FOX,Nasdaq,.O,FOXA.O
FRT,Federal Realty Investment Trust,Real Estate,Retail REITs,"Rockville, Maryland",2016-02-01,34903,1962,34903,FEDERAL REALTY INVESTMENT TRUST,FRT,NYSE,.N,FRT.N
FRT,Federal Realty Investment Trust,Real Estate,Retail REITs,"Rockville, Maryland",2016-02-01,34903,1962,34903,FEDERAL REALTY INVESTMENT TRUST,FRT-PC,NYSE,.N,FRT.N
FSLR,First Solar,Information Technology,Semiconductors,"Tempe, Arizona",2022-12-19,1274494,1999,1274494,"FIRST SOLAR, INC.",FSLR,Nasdaq,.O,FSLR.O
FTNT,Fortinet,Information Technology,Systems Software,"Sunnyvale, California",2018-10-11,1262039,2000,1262039,"Fortinet, Inc.",FTNT,Nasdaq,.O,FTNT.O
FTV,Fortive,Industrials,Industrial Machinery & Supplies & Components,"Everett, Washington",2016-07-01,1659166,2016,1659166,Fortive Corp,FTV,NYSE,.N,FTV.N
GD,General Dynamics,Industrials,Aerospace & Defense,"Falls Church, Virginia",1957-03-04,40533,1899,40533,GENERAL DYNAMICS CORP,GD,NYSE,.N,GD.N
GDDY,GoDaddy,Information Technology,Internet Services & Infrastructure,"Tempe, Arizona",2024-06-24,1609711,1997,1609711,GoDaddy Inc.,GDDY,NYSE,.N,GDDY.N
GE,GE Aerospace,Industrials,Aerospace & Defense,"Evendale, Ohio",1957-03-04,40545,1892,40545,GENERAL ELECTRIC CO,GE,NYSE,.N,GE.N
GEHC,GE HealthCare,Health Care,Health Care Equipment,"Chicago, Illinois",2023-01-04,1932393,1994,1932393,GE HealthCare Technologies Inc.,GEHC,Nasdaq,.O,GEHC.O
GEN,Gen Digital,Information Technology,Systems Software,"Tempe, Arizona",2003-03-25,849399,1982,849399,Gen Digital Inc.,GEN,Nasdaq,.O,GEN.O
GEV,GE Vernova,Industrials,Heavy Electrical Equipment,"Cambridge, Massachusetts",2024-04-02,1996810,2024,1996810,GE Vernova Inc.,GEV,NYSE,.N,GEV.N
GILD,Gilead Sciences,Health Care,Biotechnology,"Foster City, California",2004-07-01,882095,1987,882095,"GILEAD SCIENCES, INC.",GILD,Nasdaq,.O,GILD.O
GIS,General Mills,Consumer Staples,Packaged Foods & Meats,"Golden Valley, Minnesota",1957-03-04,40704,1856,40704,GENERAL MILLS INC,GIS,NYSE,.N,GIS.N
GLW,Corning Inc.,Information Technology,Electronic Components,"Corning, New York",1995-02-27,24741,1851,24741,CORNING INC /NY,GLW,NYSE,.N,GLW.N
GM,General Motors,Consumer Discretionary,Automobile Manufacturers,"Detroit, Michigan",2013-06-06,1467858,1908,1467858,General Motors Co,GM,NYSE,.N,GM.N
GNRC,Generac,Industrials,Electrical Components & Equipment,"Waukesha, Wisconsin",2021-03-22,1474735,1959,1474735,GENERAC HOLDINGS INC.,GNRC,NYSE,.N,GNRC.N
GOOG,Alphabet Inc. (Class C),Communication Services,Interactive Media & Services,"Mountain View, California",2006-04-03,1652044,1998,1652044,Alphabet Inc.,GOOGL,Nasdaq,.O,GOOG.O
GOOG,Alphabet Inc. (Class C),Communication Services,Interactive Media & Services,"Mountain View, California",2006-04-03,1652044,1998,1652044,Alphabet Inc.,GOOG,Nasdaq,.O,GOOG.O
GOOGL,Alphabet Inc. (Class A),Communication Services,Interactive Media & Services,"Mountain View, California",2014-04-03,1652044,1998,1652044,Alphabet Inc.,GOOGL,Nasdaq,.O,GOOGL.O
GOOGL,Alphabet Inc. (Class A),Communication Services,Interactive Media & Services,"Mountain View, California",2014-04-03,1652044,1998,1652044,Alphabet Inc.,GOOG,Nasdaq,.O,GOOGL.O
GPC,Genuine Parts Company,Consumer Discretionary,Distributors,"Atlanta, Georgia",1973-12-31,40987,1925,40987,GENUINE PARTS CO,GPC,NYSE,.N,GPC.N
GRMN,Garmin,Consumer Discretionary,Consumer Electronics,"Schaffhausen, Switzerland",2012-12-12,1121788,1989,1121788,GARMIN LTD,GRMN,NYSE,.N,GRMN.N
GWW,W. W. Grainger,Industrials,Industrial Machinery & Supplies & Components,"Lake Forest, Illinois",1981-06-30,277135,1927,277135,"W.W. GRAINGER, INC.",GWW,NYSE,.N,GWW.N
HAL,Halliburton,Energy,Oil & Gas Equipment & Services,"Houston, Texas",1957-03-04,45012,1919,45012,HALLIBURTON CO,HAL,NYSE,.N,HAL.N
HAS,Hasbro,Consumer Discretionary,Leisure Products,"Pawtucket, Rhode Island",1984-09-30,46080,1923,46080,"HASBRO, INC.",HAS,Nasdaq,.O,HAS.O
HCA,HCA Healthcare,Health Care,Health Care Facilities,"Nashville, Tennessee",2015-01-27,860730,1968,860730,"HCA Healthcare, Inc.",HCA,NYSE,.N,HCA.N
HD,Home Depot (The),Consumer Discretionary,Home Improvement Retail,"Atlanta, Georgia",1988-03-31,354950,1978,354950,"HOME DEPOT, INC.",HD,NYSE,.N,HD.N
HES,Hess Corporation,Energy,Integrated Oil & Gas,"New York City, New York",1984-05-31,4447,1919,4447,HESS CORP,HES,NYSE,.N,HES.N
HII,Huntington Ingalls Industries,Industrials,Aerospace & Defense,"Newport News, Virginia",2018-01-03,1501585,2011,1501585,"HUNTINGTON INGALLS INDUSTRIES, INC.",HII,NYSE,.N,HII.N
HLT,Hilton Worldwide,Consumer Discretionary,"Hotels, Resorts & Cruise Lines","Tysons Corner, Virginia",2017-06-19,1585689,1919,1585689,Hilton Worldwide Holdings Inc.,HLT,NYSE,.N,HLT.N
HOLX,Hologic,Health Care,Health Care Equipment,"Marlborough, Massachusetts",2016-03-30,859737,1985,859737,HOLOGIC INC,HOLX,Nasdaq,.O,HOLX.O
HON,Honeywell,Industrials,Industrial Conglomerates,"Charlotte, North Carolina",1957-03-04,773840,1906,773840,HONEYWELL INTERNATIONAL INC,HON,Nasdaq,.O,HON.O
HPE,Hewlett Packard Enterprise,Information Technology,"Technology Hardware, Storage & Peripherals","Houston, Texas",2015-11-02,1645590,2015,1645590,Hewlett Packard Enterprise Co,HPE,NYSE,.N,HPE.N
HPE,Hewlett Packard Enterprise,Information Technology,"Technology Hardware, Storage & Peripherals","Houston, Texas",2015-11-02,1645590,2015,1645590,Hewlett Packard Enterprise Co,HPE-PC,NYSE,.N,HPE.N
HPQ,HP Inc.,Information Technology,"Technology Hardware, Storage & Peripherals","Palo Alto, California",1974-12-31,47217,1939 (2015),47217,HP INC,HPQ,NYSE,.N,HPQ.N
HRL,Hormel Foods,Consumer Staples,Packaged Foods & Meats,"Austin, Minnesota",2009-03-04,48465,1891,48465,HORMEL FOODS CORP /DE/,HRL,NYSE,.N,HRL.N
HSIC,Henry Schein,Health Care,Health Care Distributors,"Melville, New York",2015-03-17,1000228,1932,1000228,HENRY SCHEIN INC,HSIC,Nasdaq,.O,HSIC.O
HST,Host Hotels & Resorts,Real Estate,Hotel & Resort REITs,"Bethesda, Maryland",2007-03-20,1070750,1993,1070750,"HOST HOTELS & RESORTS, INC.",HST,Nasdaq,.O,HST.O
HSY,Hershey Company (The),Consumer Staples,Packaged Foods & Meats,"Hershey, Pennsylvania",1957-03-04,47111,1894,47111,HERSHEY CO,HSY,NYSE,.N,HSY.N
HUBB,Hubbell Incorporated,Industrials,Industrial Machinery & Supplies & Components,"Shelton, Connecticut",2023-10-18,48898,1888,48898,HUBBELL INC,HUBB,NYSE,.N,HUBB.N
HUM,Humana,Health Care,Managed Health Care,"Louisville, Kentucky",2012-12-10,49071,1961,49071,HUMANA INC,HUM,NYSE,.N,HUM.N
HWM,Howmet Aerospace,Industrials,Aerospace & Defense,"Pittsburgh, Pennsylvania",2016-10-21,4281,1888,4281,Howmet Aerospace Inc.,HWM,NYSE,.N,HWM.N
HWM,Howmet Aerospace,Industrials,Aerospace & Defense,"Pittsburgh, Pennsylvania",2016-10-21,4281,1888,4281,Howmet Aerospace Inc.,HWM-P,NYSE,.N,HWM.N
IBM,IBM,Information Technology,IT Consulting & Other Services,"Armonk, New York",1957-03-04,51143,1911,51143,INTERNATIONAL BUSINESS MACHINES CORP,IBM,NYSE,.N,IBM.N
IDXX,Idexx Laboratories,Health Care,Health Care Equipment,"Westbrook, Maine",2017-01-05,874716,1983,874716,IDEXX LABORATORIES INC /DE,IDXX,Nasdaq,.O,IDXX.O
IEX,IDEX Corporation,Industrials,Industrial Machinery & Supplies & Components,"Lake Forest, Illinois",2019-08-09,832101,1988,832101,IDEX CORP /DE/,IEX,NYSE,.N,IEX.N
IFF,International Flavors & Fragrances,Materials,Specialty Chemicals,"New York City, New York",1976-03-31,51253,1958 (1889),51253,INTERNATIONAL FLAVORS & FRAGRANCES INC,IFF,NYSE,.N,IFF.N
INCY,Incyte,Health Care,Biotechnology,"Wilmington, Delaware",2017-02-28,879169,1991,879169,INCYTE CORP,INCY,Nasdaq,.O,INCY.O
INTC,Intel,Information Technology,Semiconductors,"Santa Clara, California",1976-12-31,50863,1968,50863,INTEL CORP,INTC,Nasdaq,.O,INTC.O
INTU,Intuit,Information Technology,Application Software,"Mountain View, California",2000-12-05,896878,1983,896878,INTUIT INC.,INTU,Nasdaq,.O,INTU.O
INVH,Invitation Homes,Real Estate,Single-Family Residential REITs,"Dallas, Texas",2022-09-19,1687229,2012,1687229,Invitation Homes Inc.,INVH,NYSE,.N,INVH.N
IP,International Paper,Materials,Paper & Plastic Packaging Products & Materials,"Memphis, Tennessee",1957-03-04,51434,1898,51434,INTERNATIONAL PAPER CO /NEW/,IP,NYSE,.N,IP.N
IP,International Paper,Materials,Paper & Plastic Packaging Products & Materials,"Memphis, Tennessee",1957-03-04,51434,1898,51434,INTERNATIONAL PAPER CO /NEW/,INPAP,OTC,.PK,IP.PK
IPG,Interpublic Group of Companies (The),Communication Services,Advertising,"New York City, New York",1992-10-01,51644,1961 (1930),51644,"INTERPUBLIC GROUP OF COMPANIES, INC.",IPG,NYSE,.N,IPG.N
IQV,IQVIA,Health Care,Life Sciences Tools & Services,"Durham, North Carolina",2017-08-29,1478242,1982,1478242,IQVIA HOLDINGS INC.,IQV,NYSE,.N,IQV.N
IR,Ingersoll Rand,Industrials,Industrial Machinery & Supplies & Components,"Davidson, North Carolina",2020-03-03,1699150,1859,1699150,Ingersoll Rand Inc.,IR,NYSE,.N,IR.N
IRM,Iron Mountain,Real Estate,Other Specialized REITs,"Boston, Massachusetts",2009-01-06,1020569,1951,1020569,IRON MOUNTAIN INC,IRM,NYSE,.N,IRM.N
ISRG,Intuitive Surgical,Health Care,Health Care Equipment,"Sunnyvale, California",2008-06-02,1035267,1995,1035267,INTUITIVE SURGICAL INC,ISRG,Nasdaq,.O,ISRG.O
IT,Gartner,Information Technology,IT Consulting & Other Services,"Stamford, Connecticut",2017-04-05,749251,1979,749251,GARTNER INC,IT,NYSE,.N,IT.N
ITW,Illinois Tool Works,Industrials,Industrial Machinery & Supplies & Components,"Glenview, Illinois",1986-02-28,49826,1912,49826,ILLINOIS TOOL WORKS INC,ITW,NYSE,.N,ITW.N
J,Jacobs Solutions,Industrials,Construction & Engineering,"Dallas, Texas",2007-10-26,52988,1947,52988,JACOBS SOLUTIONS INC.,J,NYSE,.N,J.N
JBHT,J.B. Hunt,Industrials,Cargo Ground Transportation,"Lowell, Arkansas",2015-07-01,728535,1961,728535,HUNT J B TRANSPORT SERVICES INC,JBHT,Nasdaq,.O,JBHT.O
JBL,Jabil,Information Technology,Electronic Manufacturing Services,"St. Petersburg, Florida",2023-12-18,898293,1966,898293,JABIL INC,JBL,NYSE,.N,JBL.N
JCI,Johnson Controls,Industrials,Building Products,"Cork, Ireland",2010-08-27,833444,1885,833444,Johnson Controls International plc,JCI,NYSE,.N,JCI.N
JNJ,Johnson & Johnson,Health Care,Pharmaceuticals,"New Brunswick, New Jersey",1973-06-30,200406,1886,200406,JOHNSON & JOHNSON,JNJ,NYSE,.N,JNJ.N
JNPR,Juniper Networks,Information Technology,Communications Equipment,"Sunnyvale, California",2006-06-02,1043604,1996,1043604,JUNIPER NETWORKS INC,JNPR,NYSE,.N,JNPR.N
K,Kellanova,Consumer Staples,Packaged Foods & Meats,"Chicago, Illinois",1989-09-11,55067,1906,55067,KELLANOVA,K,NYSE,.N,K.N
KDP,Keurig Dr Pepper,Consumer Staples,Soft Drinks & Non-alcoholic Beverages,"Burlington, Massachusetts",2022-06-21,1418135,1981,1418135,Keurig Dr Pepper Inc.,KDP,Nasdaq,.O,KDP.O
KEYS,Keysight Technologies,Information Technology,Electronic Equipment & Instruments,"Santa Rosa, California",2018-11-06,1601046,2014 (1939),1601046,"Keysight Technologies, Inc.",KEYS,NYSE,.N,KEYS.N
KHC,Kraft Heinz,Consumer Staples,Packaged Foods & Meats,"Chicago, Illinois; Pittsburgh, Pennsylvania",2015-07-06,1637459,2015 (1869),1637459,Kraft Heinz Co,KHC,Nasdaq,.O,KHC.O
KIM,Kimco Realty,Real Estate,Retail REITs,"Jericho, New York",2006-04-04,879101,1958,879101,KIMCO REALTY CORP,KIM,NYSE,.N,KIM.N
KIM,Kimco Realty,Real Estate,Retail REITs,"Jericho, New York",2006-04-04,879101,1958,879101,KIMCO REALTY CORP,KIM-PM,NYSE,.N,KIM.N
KIM,Kimco Realty,Real Estate,Retail REITs,"Jericho, New York",2006-04-04,879101,1958,879101,KIMCO REALTY CORP,KIM-PL,NYSE,.N,KIM.N
KIM,Kimco Realty,Real Estate,Retail REITs,"Jericho, New York",2006-04-04,879101,1958,879101,KIMCO REALTY CORP,KIM-PN,NYSE,.N,KIM.N
KLAC,KLA Corporation,Information Technology,Semiconductor Materials & Equipment,"Milpitas, California",1997-09-30,319201,1975/1977 (1997),319201,KLA CORP,KLAC,Nasdaq,.O,KLAC.O
KMB,Kimberly-Clark,Consumer Staples,Household Products,"Irving, Texas",1957-03-04,55785,1872,55785,KIMBERLY CLARK CORP,KMB,NYSE,.N,KMB.N
KMI,Kinder Morgan,Energy,Oil & Gas Storage & Transportation,"Houston, Texas",2012-05-25,1506307,1997,1506307,"KINDER MORGAN, INC.",KMI,NYSE,.N,KMI.N
KMI,Kinder Morgan,Energy,Oil & Gas Storage & Transportation,"Houston, Texas",2012-05-25,1506307,1997,1506307,"KINDER MORGAN, INC.",EP-PC,NYSE,.N,KMI.N
KMX,CarMax,Consumer Discretionary,Automotive Retail,"Richmond, Virginia",2010-06-28,1170010,1993,1170010,CARMAX INC,KMX,NYSE,.N,KMX.N
KO,Coca-Cola Company (The),Consumer Staples,Soft Drinks & Non-alcoholic Beverages,"Atlanta, Georgia",1957-03-04,21344,1886,21344,COCA COLA CO,KO,NYSE,.N,KO.N
KR,Kroger,Consumer Staples,Food Retail,"Cincinnati, Ohio",1957-03-04,56873,1883,56873,KROGER CO,KR,NYSE,.N,KR.N
KVUE,Kenvue,Consumer Staples,Personal Care Products,"Skillman, New Jersey",2023-08-25,1944048,2022 (Johnson & Johnson spinoff),1944048,Kenvue Inc.,KVUE,NYSE,.N,KVUE.N
LDOS,Leidos,Industrials,Diversified Support Services,"Reston, Virginia",2019-08-09,1336920,1969,1336920,"Leidos Holdings, Inc.",LDOS,NYSE,.N,LDOS.N
LEN,Lennar,Consumer Discretionary,Homebuilding,"Miami, Florida",2005-10-04,920760,1954,920760,LENNAR CORP /NEW/,LEN,NYSE,.N,LEN.N
LEN,Lennar,Consumer Discretionary,Homebuilding,"Miami, Florida",2005-10-04,920760,1954,920760,LENNAR CORP /NEW/,LEN-B,NYSE,.N,LEN.N
LH,LabCorp,Health Care,Health Care Services,"Burlington, North Carolina",2004-11-01,920148,1978,920148,LABCORP HOLDINGS INC.,LH,NYSE,.N,LH.N
LHX,L3Harris,Industrials,Aerospace & Defense,"Melbourne, Florida",2008-09-22,202058,"2019 (L3 1997, Harris 1895)",202058,"L3HARRIS TECHNOLOGIES, INC. /DE/",LHX,NYSE,.N,LHX.N
LII,Lennox International,Industrials,Building Products,"Richardson, Texas",2024-12-23,1069202,1895,1069202,LENNOX INTERNATIONAL INC,LII,NYSE,.N,LII.N
LIN,Linde plc,Materials,Industrial Gases,"Guildford, United Kingdom",1992-07-01,1707925,1879,1707925,LINDE PLC,LIN,Nasdaq,.O,LIN.O
LKQ,LKQ Corporation,Consumer Discretionary,Distributors,"Chicago, Illinois",2016-05-23,1065696,1998,1065696,LKQ CORP,LKQ,Nasdaq,.O,LKQ.O
LLY,Lilly (Eli),Health Care,Pharmaceuticals,"Indianapolis, Indiana",1970-12-31,59478,1876,59478,ELI LILLY & Co,LLY,NYSE,.N,LLY.N
LMT,Lockheed Martin,Industrials,Aerospace & Defense,"Bethesda, Maryland",1957-03-04,936468,1995,936468,LOCKHEED MARTIN CORP,LMT,NYSE,.N,LMT.N
LNT,Alliant Energy,Utilities,Electric Utilities,"Madison, Wisconsin",2016-07-01,352541,1917,352541,ALLIANT ENERGY CORP,LNT,Nasdaq,.O,LNT.O
LOW,Lowe's,Consumer Discretionary,Home Improvement Retail,"Mooresville, North Carolina",1984-02-29,60667,1904/1946/1959,60667,LOWES COMPANIES INC,LOW,NYSE,.N,LOW.N
LRCX,Lam Research,Information Technology,Semiconductor Materials & Equipment,"Fremont, California",2012-06-29,707549,1980,707549,LAM RESEARCH CORP,LRCX,Nasdaq,.O,LRCX.O
LULU,Lululemon Athletica,Consumer Discretionary,"Apparel, Accessories & Luxury Goods","Vancouver, Canada",2023-10-18,1397187,1998,1397187,lululemon athletica inc.,LULU,Nasdaq,.O,LULU.O
LUV,Southwest Airlines,Industrials,Passenger Airlines,"Dallas, Texas",1994-07-01,92380,1967,92380,SOUTHWEST AIRLINES CO,LUV,NYSE,.N,LUV.N
LVS,Las Vegas Sands,Consumer Discretionary,Casinos & Gaming,"Las Vegas, Nevada",2019-10-03,1300514,1988,1300514,LAS VEGAS SANDS CORP,LVS,NYSE,.N,LVS.N
LW,Lamb Weston,Consumer Staples,Packaged Foods & Meats,"Eagle, Idaho",2018-12-03,1679273,2016 (1950),1679273,"Lamb Weston Holdings, Inc.",LW,NYSE,.N,LW.N
LYB,LyondellBasell,Materials,Specialty Chemicals,"Rotterdam, Netherlands",2012-09-05,1489393,2007,1489393,LyondellBasell Industries N.V.,LYB,NYSE,.N,LYB.N
LYV,Live Nation Entertainment,Communication Services,Movies & Entertainment,"Beverly Hills, California",2019-12-23,1335258,2010,1335258,"Live Nation Entertainment, Inc.",LYV,NYSE,.N,LYV.N
MAA,Mid-America Apartment Communities,Real Estate,Multi-Family Residential REITs,"Memphis, Tennessee",2016-12-02,912595,1977,912595,MID AMERICA APARTMENT COMMUNITIES INC.,MAA,NYSE,.N,MAA.N
MAA,Mid-America Apartment Communities,Real Estate,Multi-Family Residential REITs,"Memphis, Tennessee",2016-12-02,912595,1977,912595,MID AMERICA APARTMENT COMMUNITIES INC.,MAA-PI,NYSE,.N,MAA.N
MAR,Marriott International,Consumer Discretionary,"Hotels, Resorts & Cruise Lines","Bethesda, Maryland",1998-05-29,1048286,1927,1048286,MARRIOTT INTERNATIONAL INC /MD/,MAR,Nasdaq,.O,MAR.O
MAS,Masco,Industrials,Building Products,"Livonia, Michigan",1981-06-30,62996,1929,62996,MASCO CORP /DE/,MAS,NYSE,.N,MAS.N
MCD,McDonald's,Consumer Discretionary,Restaurants,"Chicago, Illinois",1970-06-30,63908,1940,63908,MCDONALDS CORP,MCD,NYSE,.N,MCD.N
MCHP,Microchip Technology,Information Technology,Semiconductors,"Chandler, Arizona",2007-09-07,827054,1989,827054,MICROCHIP TECHNOLOGY INC,MCHP,Nasdaq,.O,MCHP.O
MCHP,Microchip Technology,Information Technology,Semiconductors,"Chandler, Arizona",2007-09-07,827054,1989,827054,MICROCHIP TECHNOLOGY INC,MCHPP,Nasdaq,.O,MCHP.O
MCK,McKesson Corporation,Health Care,Health Care Distributors,"Irving, Texas",1999-01-13,927653,1833,927653,MCKESSON CORP,MCK,NYSE,.N,MCK.N
MDLZ,Mondelez International,Consumer Staples,Packaged Foods & Meats,"Chicago, Illinois",2012-10-02,1103982,2012,1103982,"Mondelez International, Inc.",MDLZ,Nasdaq,.O,MDLZ.O
MDT,Medtronic,Health Care,Health Care Equipment,"Dublin, Ireland",1986-10-31,1613103,1949,1613103,Medtronic plc,MDT,NYSE,.N,MDT.N
META,Meta Platforms,Communication Services,Interactive Media & Services,"Menlo Park, California",2013-12-23,1326801,2004,1326801,"Meta Platforms, Inc.",META,Nasdaq,.O,META.O
MGM,MGM Resorts,Consumer Discretionary,Casinos & Gaming,"Paradise, Nevada",2017-07-26,789570,1986,789570,MGM Resorts International,MGM,NYSE,.N,MGM.N
MHK,Mohawk Industries,Consumer Discretionary,Home Furnishings,"Calhoun, Georgia",2013-12-23,851968,1878,851968,MOHAWK INDUSTRIES INC,MHK,NYSE,.N,MHK.N
MKC,McCormick & Company,Consumer Staples,Packaged Foods & Meats,"Hunt Valley, Maryland",2003-03-20,63754,1889,63754,MCCORMICK & CO INC,MKC,NYSE,.N,MKC.N
MKC,McCormick & Company,Consumer Staples,Packaged Foods & Meats,"Hunt Valley, Maryland",2003-03-20,63754,1889,63754,MCCORMICK & CO INC,MKC-V,NYSE,.N,MKC.N
MLM,Martin Marietta Materials,Materials,Construction Materials,"Raleigh, North Carolina",2014-07-02,916076,1993,916076,MARTIN MARIETTA MATERIALS INC,MLM,NYSE,.N,MLM.N
MMM,3M,Industrials,Industrial Conglomerates,"Saint Paul, Minnesota",1957-03-04,66740,1902,66740,3M CO,MMM,NYSE,.N,MMM.N
MNST,Monster Beverage,Consumer Staples,Soft Drinks & Non-alcoholic Beverages,"Corona, California",2012-06-28,865752,2012 (1935),865752,Monster Beverage Corp,MNST,Nasdaq,.O,MNST.O
MO,Altria,Consumer Staples,Tobacco,"Richmond, Virginia",1957-03-04,764180,1985,764180,"ALTRIA GROUP, INC.",MO,NYSE,.N,MO.N
MOH,Molina Healthcare,Health Care,Managed Health Care,"Long Beach, California",2022-03-02,1179929,1980,1179929,"MOLINA HEALTHCARE, INC.",MOH,NYSE,.N,MOH.N
MOS,Mosaic Company (The),Materials,Fertilizers & Agricultural Chemicals,"Tampa, Florida",2011-09-26,1285785,2004 (1865 / 1909),1285785,MOSAIC CO,MOS,NYSE,.N,MOS.N
MPC,Marathon Petroleum,Energy,Oil & Gas Refining & Marketing,"Findlay, Ohio",2011-07-01,1510295,2009 (1887),1510295,Marathon Petroleum Corp,MPC,NYSE,.N,MPC.N
MPWR,Monolithic Power Systems,Information Technology,Semiconductors,"Kirkland, Washington",2021-02-12,1280452,1997,1280452,MONOLITHIC POWER SYSTEMS INC,MPWR,Nasdaq,.O,MPWR.O
MRK,Merck & Co.,Health Care,Pharmaceuticals,"Kenilworth, New Jersey",1957-03-04,310158,1891,310158,"Merck & Co., Inc.",MRK,NYSE,.N,MRK.N
MRNA,Moderna,Health Care,Biotechnology,"Cambridge, Massachusetts",2021-07-21,1682852,2010,1682852,"Moderna, Inc.",MRNA,Nasdaq,.O,MRNA.O
MSFT,Microsoft,Information Technology,Systems Software,"Redmond, Washington",1994-06-01,789019,1975,789019,MICROSOFT CORP,MSFT,Nasdaq,.O,MSFT.O
MSI,Motorola Solutions,Information Technology,Communications Equipment,"Chicago, Illinois",1957-03-04,68505,1928 (2011),68505,"Motorola Solutions, Inc.",MSI,NYSE,.N,MSI.N
MTCH,Match Group,Communication Services,Interactive Media & Services,"Dallas, Texas",2021-09-20,891103,1986,891103,"Match Group, Inc.",MTCH,Nasdaq,.O,MTCH.O
MTD,Mettler Toledo,Health Care,Life Sciences Tools & Services,"Columbus, Ohio",2016-09-06,1037646,1945,1037646,METTLER TOLEDO INTERNATIONAL INC/,MTD,NYSE,.N,MTD.N
MU,Micron Technology,Information Technology,Semiconductors,"Boise, Idaho",1994-09-27,723125,1978,723125,MICRON TECHNOLOGY INC,MU,Nasdaq,.O,MU.O
NCLH,Norwegian Cruise Line Holdings,Consumer Discretionary,"Hotels, Resorts & Cruise Lines","Miami, Florida",2017-10-13,1513761,2011 (1966),1513761,Norwegian Cruise Line Holdings Ltd.,NCLH,NYSE,.N,NCLH.N
NDSN,Nordson Corporation,Industrials,Industrial Machinery & Supplies & Components,"Westlake, Ohio",2022-02-15,72331,1935,72331,NORDSON CORP,NDSN,Nasdaq,.O,NDSN.O
NEE,NextEra Energy,Utilities,Multi-Utilities,"Juno Beach, Florida",1976-06-30,753308,1984 (1925),753308,NEXTERA ENERGY INC,NEE,NYSE,.N,NEE.N
NEE,NextEra Energy,Utilities,Multi-Utilities,"Juno Beach, Florida",1976-06-30,753308,1984 (1925),753308,NEXTERA ENERGY INC,NEE-PN,NYSE,.N,NEE.N
NEE,NextEra Energy,Utilities,Multi-Utilities,"Juno Beach, Florida",1976-06-30,753308,1984 (1925),753308,NEXTERA ENERGY INC,NEE-PR,NYSE,.N,NEE.N
NEE,NextEra Energy,Utilities,Multi-Utilities,"Juno Beach, Florida",1976-06-30,753308,1984 (1925),753308,NEXTERA ENERGY INC,NEE-PS,NYSE,.N,NEE.N
NEE,NextEra Energy,Utilities,Multi-Utilities,"Juno Beach, Florida",1976-06-30,753308,1984 (1925),753308,NEXTERA ENERGY INC,NEE-PT,NYSE,.N,NEE.N
NEM,Newmont,Materials,Gold,"Denver, Colorado",1969-06-30,1164727,1921,1164727,NEWMONT Corp /DE/,NEM,NYSE,.N,NEM.N
NEM,Newmont,Materials,Gold,"Denver, Colorado",1969-06-30,1164727,1921,1164727,NEWMONT Corp /DE/,NEMCL,OTC,.PK,NEM.PK
NFLX,Netflix,Communication Services,Movies & Entertainment,"Los Gatos, California",2010-12-20,1065280,1997,1065280,NETFLIX INC,NFLX,Nasdaq,.O,NFLX.O
NI,NiSource,Utilities,Multi-Utilities,"Merrillville, Indiana",2000-11-02,1111711,1912,1111711,NISOURCE INC.,NI,NYSE,.N,NI.N
NKE,"Nike, Inc.",Consumer Discretionary,"Apparel, Accessories & Luxury Goods","Washington County, Oregon",1988-11-30,320187,1964,320187,"NIKE, Inc.",NKE,NYSE,.N,NKE.N
NOC,Northrop Grumman,Industrials,Aerospace & Defense,"West Falls Church, Virginia",1957-03-04,1133421,"1994 (Northrop 1939, Grumman 1930)",1133421,NORTHROP GRUMMAN CORP /DE/,NOC,NYSE,.N,NOC.N
NOW,ServiceNow,Information Technology,Systems Software,"Santa Clara, California",2019-11-21,1373715,2003,1373715,"ServiceNow, Inc.",NOW,NYSE,.N,NOW.N
NRG,NRG Energy,Utilities,Independent Power Producers & Energy Traders,"Houston, Texas",2010-01-29,1013871,1992,1013871,"NRG ENERGY, INC.",NRG,NYSE,.N,NRG.N
NSC,Norfolk Southern Railway,Industrials,Rail Transportation,"Atlanta, Georgia",1957-03-04,702165,1881/1894 (1980),702165,NORFOLK SOUTHERN CORP,NSC,NYSE,.N,NSC.N
NTAP,NetApp,Information Technology,"Technology Hardware, Storage & Peripherals","San Jose, California",1999-06-25,1002047,1992,1002047,"NetApp, Inc.",NTAP,Nasdaq,.O,NTAP.O
NUE,Nucor,Materials,Steel,"Charlotte, North Carolina",1985-04-30,73309,1940,73309,NUCOR CORP,NUE,NYSE,.N,NUE.N
NVDA,Nvidia,Information Technology,Semiconductors,"Santa Clara, California",2001-11-30,1045810,1993,1045810,NVIDIA CORP,NVDA,Nasdaq,.O,NVDA.O
NVR,"NVR, Inc.",Consumer Discretionary,Homebuilding,"Reston, Virginia",2019-09-26,906163,1980,906163,NVR INC,NVR,NYSE,.N,NVR.N
NWS,News Corp (Class B),Communication Services,Publishing,"New York City, New York",2015-09-18,1564708,2013 (News Corporation 1980),1564708,NEWS CORP,NWSA,Nasdaq,.O,NWS.O
NWS,News Corp (Class B),Communication Services,Publishing,"New York City, New York",2015-09-18,1564708,2013 (News Corporation 1980),1564708,NEWS CORP,NWS,Nasdaq,.O,NWS.O
NWSA,News Corp (Class A),Communication Services,Publishing,"New York City, New York",2013-08-01,1564708,2013 (News Corporation 1980),1564708,NEWS CORP,NWSA,Nasdaq,.O,NWSA.O
NWSA,News Corp (Class A),Communication Services,Publishing,"New York City, New York",2013-08-01,1564708,2013 (News Corporation 1980),1564708,NEWS CORP,NWS,Nasdaq,.O,NWSA.O
NXPI,NXP Semiconductors,Information Technology,Semiconductors,"Eindhoven, Netherlands",2021-03-22,1413447,1953,1413447,NXP Semiconductors N.V.,NXPI,Nasdaq,.O,NXPI.O
O,Realty Income,Real Estate,Retail REITs,"San Diego, California",2015-04-07,726728,1969,726728,REALTY INCOME CORP,O,NYSE,.N,O.N
ODFL,Old Dominion,Industrials,Cargo Ground Transportation,"Thomasville, North Carolina",2019-12-09,878927,1934,878927,"OLD DOMINION FREIGHT LINE, INC.",ODFL,Nasdaq,.O,ODFL.O
OKE,ONEOK,Energy,Oil & Gas Storage & Transportation,"Tulsa, Oklahoma",2010-03-15,1039684,1906,1039684,ONEOK INC /NEW/,OKE,NYSE,.N,OKE.N
OMC,Omnicom Group,Communication Services,Advertising,"New York City, New York",1997-12-31,29989,1986,29989,OMNICOM GROUP INC.,OMC,NYSE,.N,OMC.N
ON,ON Semiconductor,Information Technology,Semiconductors,"Phoenix, Arizona",2022-06-21,1097864,1999,1097864,ON SEMICONDUCTOR CORP,ON,Nasdaq,.O,ON.O
ORCL,Oracle Corporation,Information Technology,Application Software,"Austin, Texas",1989-08-31,1341439,1977,1341439,ORACLE CORP,ORCL,NYSE,.N,ORCL.N
ORLY,O'Reilly Auto Parts,Consumer Discretionary,Automotive Retail,"Springfield, Missouri",2009-03-27,898173,1957,898173,O REILLY AUTOMOTIVE INC,ORLY,Nasdaq,.O,ORLY.O
OTIS,Otis Worldwide,Industrials,Industrial Machinery & Supplies & Components,"Farmington, Connecticut",2020-04-03,1781335,"2020 (1853, United Technologies spinoff)",1781335,Otis Worldwide Corp,OTIS,NYSE,.N,OTIS.N
OXY,Occidental Petroleum,Energy,Oil & Gas Exploration & Production,"Houston, Texas",1957-03-04,797468,1920,797468,OCCIDENTAL PETROLEUM CORP /DE/,OXY,NYSE,.N,OXY.N
OXY,Occidental Petroleum,Energy,Oil & Gas Exploration & Production,"Houston, Texas",1957-03-04,797468,1920,797468,OCCIDENTAL PETROLEUM CORP /DE/,OXY-WT,NYSE,.N,OXY.N
PANW,Palo Alto Networks,Information Technology,Systems Software,"Santa Clara, California",2023-06-20,1327567,2005,1327567,Palo Alto Networks Inc,PANW,Nasdaq,.O,PANW.O
PARA,Paramount Global,Communication Services,Movies & Entertainment,"New York City, New York",1994-09-30,813828,2019 (Paramount Pictures 1912),813828,Paramount Global,PARA,Nasdaq,.O,PARA.O
PARA,Paramount Global,Communication Services,Movies & Entertainment,"New York City, New York",1994-09-30,813828,2019 (Paramount Pictures 1912),813828,Paramount Global,PARAA,Nasdaq,.O,PARA.O
PAYC,Paycom,Industrials,Human Resource & Employment Services,"Oklahoma City, Oklahoma",2020-01-28,1590955,1998,1590955,"Paycom Software, Inc.",PAYC,NYSE,.N,PAYC.N
PAYX,Paychex,Industrials,Human Resource & Employment Services,"Penfield, New York",1998-10-01,723531,1971,723531,PAYCHEX INC,PAYX,Nasdaq,.O,PAYX.O
PCAR,Paccar,Industrials,Construction Machinery & Heavy Transportation Equipment,"Bellevue, Washington",1980-12-31,75362,1905,75362,PACCAR INC,PCAR,Nasdaq,.O,PCAR.O
PCG,PG&E Corporation,Utilities,Multi-Utilities,"Oakland, California",2022-10-03,1004980,1905,1004980,PG&E Corp,PCG,NYSE,.N,PCG.N
PCG,PG&E Corporation,Utilities,Multi-Utilities,"Oakland, California",2022-10-03,1004980,1905,1004980,PG&E Corp,PCG-PA,NYSE,.N,PCG.N
PCG,PG&E Corporation,Utilities,Multi-Utilities,"Oakland, California",2022-10-03,1004980,1905,1004980,PG&E Corp,PCG-PB,NYSE,.N,PCG.N
PCG,PG&E Corporation,Utilities,Multi-Utilities,"Oakland, California",2022-10-03,1004980,1905,1004980,PG&E Corp,PCG-PE,NYSE,.N,PCG.N
PCG,PG&E Corporation,Utilities,Multi-Utilities,"Oakland, California",2022-10-03,1004980,1905,1004980,PG&E Corp,PCG-PD,NYSE,.N,PCG.N
PCG,PG&E Corporation,Utilities,Multi-Utilities,"Oakland, California",2022-10-03,1004980,1905,1004980,PG&E Corp,PCG-PC,NYSE,.N,PCG.N
PCG,PG&E Corporation,Utilities,Multi-Utilities,"Oakland, California",2022-10-03,1004980,1905,1004980,PG&E Corp,PCG-PH,NYSE,.N,PCG.N
PCG,PG&E Corporation,Utilities,Multi-Utilities,"Oakland, California",2022-10-03,1004980,1905,1004980,PG&E Corp,PCG-PG,NYSE,.N,PCG.N
PCG,PG&E Corporation,Utilities,Multi-Utilities,"Oakland, California",2022-10-03,1004980,1905,1004980,PG&E Corp,PCG-PI,NYSE,.N,PCG.N
PCG,PG&E Corporation,Utilities,Multi-Utilities,"Oakland, California",2022-10-03,1004980,1905,1004980,PG&E Corp,PCG-PX,NYSE,.N,PCG.N
PEG,Public Service Enterprise Group,Utilities,Electric Utilities,"Newark, New Jersey",1957-03-04,788784,1903,788784,PUBLIC SERVICE ENTERPRISE GROUP INC,PEG,NYSE,.N,PEG.N
PEP,PepsiCo,Consumer Staples,Soft Drinks & Non-alcoholic Beverages,"Purchase, New York",1957-03-04,77476,1898,77476,PEPSICO INC,PEP,Nasdaq,.O,PEP.O
PFE,Pfizer,Health Care,Pharmaceuticals,"New York City, New York",1957-03-04,78003,1849,78003,PFIZER INC,PFE,NYSE,.N,PFE.N
PG,Procter & Gamble,Consumer Staples,Personal Care Products,"Cincinnati, Ohio",1957-03-04,80424,1837,80424,PROCTER & GAMBLE Co,PG,NYSE,.N,PG.N
PH,Parker Hannifin,Industrials,Industrial Machinery & Supplies & Components,"Cleveland, Ohio",1985-11-30,76334,1917,76334,Parker-Hannifin Corp,PH,NYSE,.N,PH.N
PHM,PulteGroup,Consumer Discretionary,Homebuilding,"Atlanta, Georgia",1984-04-30,822416,1956,822416,PULTEGROUP INC/MI/,PHM,NYSE,.N,PHM.N
PKG,Packaging Corporation of America,Materials,Paper & Plastic Packaging Products & Materials,"Lake Forest, Illinois",2017-07-26,75677,1959,75677,PACKAGING CORP OF AMERICA,PKG,NYSE,.N,PKG.N
PLD,Prologis,Real Estate,Industrial REITs,"San Francisco, California",2003-07-17,1045609,1983,1045609,"Prologis, Inc.",PLD,NYSE,.N,PLD.N
PLD,Prologis,Real Estate,Industrial REITs,"San Francisco, California",2003-07-17,1045609,1983,1045609,"Prologis, Inc.",PLDGP,OTC,.PK,PLD.PK
PLTR,Palantir Technologies,Information Technology,Internet Services & Infrastructure,"Denver, Colorado",2024-09-23,1321655,2003,1321655,Palantir Technologies Inc.,PLTR,Nasdaq,.O,PLTR.O
PM,Philip Morris International,Consumer Staples,Tobacco,"New York City, New York",2008-03-31,1413329,2008 (1847),1413329,Philip Morris International Inc.,PM,NYSE,.N,PM.N
PNR,Pentair,Industrials,Industrial Machinery & Supplies & Components,"Worsley, United Kingdom",2012-10-01,77360,1966,77360,PENTAIR plc,PNR,NYSE,.N,PNR.N
PNW,Pinnacle West,Utilities,Multi-Utilities,"Phoenix, Arizona",1999-10-04,764622,1985,764622,PINNACLE WEST CAPITAL CORP,PNW,NYSE,.N,PNW.N
PODD,Insulet Corporation,Health Care,Health Care Equipment,"Acton, Massachusetts",2023-03-15,1145197,2000,1145197,INSULET CORP,PODD,Nasdaq,.O,PODD.O
POOL,Pool Corporation,Consumer Discretionary,Distributors,"Covington, Louisiana",2020-10-07,945841,1993,945841,POOL CORP,POOL,Nasdaq,.O,POOL.O
PPG,PPG Industries,Materials,Specialty Chemicals,"Pittsburgh, Pennsylvania",1957-03-04,79879,1883,79879,PPG INDUSTRIES INC,PPG,NYSE,.N,PPG.N
PPL,PPL Corporation,Utilities,Electric Utilities,"Allentown, Pennsylvania",2001-10-01,922224,1920,922224,PPL Corp,PPL,NYSE,.N,PPL.N
PSA,Public Storage,Real Estate,Self-Storage REITs,"Glendale, California",2005-08-19,1393311,1972,1393311,Public Storage,PSA,NYSE,.N,PSA.N
PSA,Public Storage,Real Estate,Self-Storage REITs,"Glendale, California",2005-08-19,1393311,1972,1393311,Public Storage,PSA-PH,NYSE,.N,PSA.N
PSA,Public Storage,Real Estate,Self-Storage REITs,"Glendale, California",2005-08-19,1393311,1972,1393311,Public Storage,PSA-PK,NYSE,.N,PSA.N
PSA,Public Storage,Real Estate,Self-Storage REITs,"Glendale, California",2005-08-19,1393311,1972,1393311,Public Storage,PSA-PF,NYSE,.N,PSA.N
PSA,Public Storage,Real Estate,Self-Storage REITs,"Glendale, California",2005-08-19,1393311,1972,1393311,Public Storage,PSA-PG,NYSE,.N,PSA.N
PSA,Public Storage,Real Estate,Self-Storage REITs,"Glendale, California",2005-08-19,1393311,1972,1393311,Public Storage,PSA-PI,NYSE,.N,PSA.N
PSA,Public Storage,Real Estate,Self-Storage REITs,"Glendale, California",2005-08-19,1393311,1972,1393311,Public Storage,PSA-PJ,NYSE,.N,PSA.N
PSA,Public Storage,Real Estate,Self-Storage REITs,"Glendale, California",2005-08-19,1393311,1972,1393311,Public Storage,PSA-PL,NYSE,.N,PSA.N
PSA,Public Storage,Real Estate,Self-Storage REITs,"Glendale, California",2005-08-19,1393311,1972,1393311,Public Storage,PSA-PM,NYSE,.N,PSA.N
PSA,Public Storage,Real Estate,Self-Storage REITs,"Glendale, California",2005-08-19,1393311,1972,1393311,Public Storage,PSA-PN,NYSE,.N,PSA.N
PSA,Public Storage,Real Estate,Self-Storage REITs,"Glendale, California",2005-08-19,1393311,1972,1393311,Public Storage,PSA-PO,NYSE,.N,PSA.N
PSA,Public Storage,Real Estate,Self-Storage REITs,"Glendale, California",2005-08-19,1393311,1972,1393311,Public Storage,PSA-PP,NYSE,.N,PSA.N
PSA,Public Storage,Real Estate,Self-Storage REITs,"Glendale, California",2005-08-19,1393311,1972,1393311,Public Storage,PSA-PQ,NYSE,.N,PSA.N
PSA,Public Storage,Real Estate,Self-Storage REITs,"Glendale, California",2005-08-19,1393311,1972,1393311,Public Storage,PSA-PR,NYSE,.N,PSA.N
PSA,Public Storage,Real Estate,Self-Storage REITs,"Glendale, California",2005-08-19,1393311,1972,1393311,Public Storage,PSA-PS,NYSE,.N,PSA.N
PSX,Phillips 66,Energy,Oil & Gas Refining & Marketing,"Houston, Texas",2012-05-01,1534701,2012 (1917),1534701,Phillips 66,PSX,NYSE,.N,PSX.N
PTC,PTC Inc.,Information Technology,Application Software,"Boston, Massachusetts",2021-04-20,857005,1985,857005,PTC INC.,PTC,Nasdaq,.O,PTC.O
PWR,Quanta Services,Industrials,Construction & Engineering,"Houston, Texas",2009-07-01,1050915,1997,1050915,"QUANTA SERVICES, INC.",PWR,NYSE,.N,PWR.N
QCOM,Qualcomm,Information Technology,Semiconductors,"San Diego, California",1999-07-22,804328,1985,804328,QUALCOMM INC/DE,QCOM,Nasdaq,.O,QCOM.O
RCL,Royal Caribbean Group,Consumer Discretionary,"Hotels, Resorts & Cruise Lines","Miami, Florida",2014-12-05,884887,1997,884887,ROYAL CARIBBEAN CRUISES LTD,RCL,NYSE,.N,RCL.N
REG,Regency Centers,Real Estate,Retail REITs,"Jacksonville, Florida",2017-03-02,910606,1963,910606,REGENCY CENTERS CORP,REG,Nasdaq,.O,REG.O
REG,Regency Centers,Real Estate,Retail REITs,"Jacksonville, Florida",2017-03-02,910606,1963,910606,REGENCY CENTERS CORP,REGCO,Nasdaq,.O,REG.O
REG,Regency Centers,Real Estate,Retail REITs,"Jacksonville, Florida",2017-03-02,910606,1963,910606,REGENCY CENTERS CORP,REGCP,Nasdaq,.O,REG.O
REGN,Regeneron Pharmaceuticals,Health Care,Biotechnology,"Tarrytown, New York",2013-05-01,872589,1988,872589,"REGENERON PHARMACEUTICALS, INC.",REGN,Nasdaq,.O,REGN.O
RL,Ralph Lauren Corporation,Consumer Discretionary,"Apparel, Accessories & Luxury Goods","New York City, New York",2007-02-02,1037038,1967,1037038,RALPH LAUREN CORP,RL,NYSE,.N,RL.N
RMD,ResMed,Health Care,Health Care Equipment,"San Diego, California",2017-07-26,943819,1989,943819,RESMED INC,RMD,NYSE,.N,RMD.N
RMD,ResMed,Health Care,Health Care Equipment,"San Diego, California",2017-07-26,943819,1989,943819,RESMED INC,RSMDF,OTC,.PK,RMD.PK
ROK,Rockwell Automation,Industrials,Electrical Components & Equipment,"Milwaukee, Wisconsin",2000-03-12,1024478,1903,1024478,"ROCKWELL AUTOMATION, INC",ROK,NYSE,.N,ROK.N
ROL,"Rollins, Inc.",Industrials,Environmental & Facilities Services,"Atlanta, Georgia",2018-10-01,84839,1948,84839,ROLLINS INC,ROL,NYSE,.N,ROL.N
ROP,Roper Technologies,Information Technology,Electronic Equipment & Instruments,"Sarasota, Florida",2009-12-23,882835,1981,882835,ROPER TECHNOLOGIES INC,ROP,Nasdaq,.O,ROP.O
ROST,Ross Stores,Consumer Discretionary,Apparel Retail,"Dublin, California",2009-12-21,745732,1982,745732,"ROSS STORES, INC.",ROST,Nasdaq,.O,ROST.O
RSG,Republic Services,Industrials,Environmental & Facilities Services,"Phoenix, Arizona",2008-12-05,1060391,1998 (1981),1060391,"REPUBLIC SERVICES, INC.",RSG,NYSE,.N,RSG.N
RTX,RTX Corporation,Industrials,Aerospace & Defense,"Waltham, Massachusetts",1957-03-04,101829,1922,101829,RTX Corp,RTX,NYSE,.N,RTX.N
RVTY,Revvity,Health Care,Health Care Equipment,"Waltham, Massachusetts",1985-05-31,31791,1937,31791,"REVVITY, INC.",RVTY,NYSE,.N,RVTY.N
SBAC,SBA Communications,Real Estate,Telecom Tower REITs,"Boca Raton, Florida",2017-09-01,1034054,1989,1034054,SBA COMMUNICATIONS CORP,SBAC,Nasdaq,.O,SBAC.O
SBUX,Starbucks,Consumer Discretionary,Restaurants,"Seattle, Washington",2000-06-07,829224,1971,829224,STARBUCKS CORP,SBUX,Nasdaq,.O,SBUX.O
SHW,Sherwin-Williams,Materials,Specialty Chemicals,"Cleveland, Ohio",1964-06-30,89800,1866,89800,SHERWIN WILLIAMS CO,SHW,NYSE,.N,SHW.N
SJM,J.M. Smucker Company (The),Consumer Staples,Packaged Foods & Meats,"Orrville, Ohio",2008-11-06,91419,1897,91419,J M SMUCKER Co,SJM,NYSE,.N,SJM.N
SLB,Schlumberger,Energy,Oil & Gas Equipment & Services,"Houston, Texas",1957-03-04,87347,1926,87347,SCHLUMBERGER LIMITED/NV,SLB,NYSE,.N,SLB.N
SMCI,Supermicro,Information Technology,"Technology Hardware, Storage & Peripherals","San Jose, California",2024-03-18,1375365,1993,1375365,"Super Micro Computer, Inc.",SMCI,Nasdaq,.O,SMCI.O
SNA,Snap-on,Industrials,Industrial Machinery & Supplies & Components,"Kenosha, Wisconsin",1982-09-30,91440,1920,91440,Snap-on Inc,SNA,NYSE,.N,SNA.N
SNPS,Synopsys,Information Technology,Application Software,"Sunnyvale, California",2017-03-16,883241,1986,883241,SYNOPSYS INC,SNPS,Nasdaq,.O,SNPS.O
SO,Southern Company,Utilities,Electric Utilities,"Atlanta, Georgia",1957-03-04,92122,1945,92122,SOUTHERN CO,SO,NYSE,.N,SO.N
SO,Southern Company,Utilities,Electric Utilities,"Atlanta, Georgia",1957-03-04,92122,1945,92122,SOUTHERN CO,SOJC,NYSE,.N,SO.N
SO,Southern Company,Utilities,Electric Utilities,"Atlanta, Georgia",1957-03-04,92122,1945,92122,SOUTHERN CO,SOJD,NYSE,.N,SO.N
SO,Southern Company,Utilities,Electric Utilities,"Atlanta, Georgia",1957-03-04,92122,1945,92122,SOUTHERN CO,SOJE,NYSE,.N,SO.N
SO,Southern Company,Utilities,Electric Utilities,"Atlanta, Georgia",1957-03-04,92122,1945,92122,SOUTHERN CO,SOJF,NYSE,.N,SO.N
SOLV,Solventum,Health Care,Health Care Technology,"Saint Paul, Minnesota",2024-04-01,1964738,2023,1964738,Solventum Corp,SOLV,NYSE,.N,SOLV.N
SPG,Simon Property Group,Real Estate,Retail REITs,"Indianapolis, Indiana",2002-06-26,1063761,2003,1063761,SIMON PROPERTY GROUP INC /DE/,SPG,NYSE,.N,SPG.N
SPG,Simon Property Group,Real Estate,Retail REITs,"Indianapolis, Indiana",2002-06-26,1063761,2003,1063761,SIMON PROPERTY GROUP INC /DE/,SPG-PJ,NYSE,.N,SPG.N
SRE,Sempra,Utilities,Multi-Utilities,"San Diego, California",2017-03-17,1032208,1998,1032208,SEMPRA,SREA,NYSE,.N,SRE.N
STE,Steris,Health Care,Health Care Equipment,"Dublin, Ireland",2019-12-23,1757898,1985,1757898,STERIS plc,STE,NYSE,.N,STE.N
STLD,Steel Dynamics,Materials,Steel,"Fort Wayne, Indiana",2022-12-22,1022671,1993,1022671,STEEL DYNAMICS INC,STLD,Nasdaq,.O,STLD.O
STX,Seagate Technology,Information Technology,"Technology Hardware, Storage & Peripherals","Dublin, Ireland",2012-07-02,1137789,1979,1137789,Seagate Technology Holdings plc,STX,Nasdaq,.O,STX.O
STZ,Constellation Brands,Consumer Staples,Distillers & Vintners,"Rochester, New York",2005-07-01,16918,1945,16918,"CONSTELLATION BRANDS, INC.",STZ,NYSE,.N,STZ.N
SW,Smurfit WestRock,Materials,Paper & Plastic Packaging Products & Materials,"Dublin, Ireland",2024-07-08,2005951,1934,2005951,Smurfit Westrock plc,SW,NYSE,.N,SW.N
SWK,Stanley Black & Decker,Industrials,Industrial Machinery & Supplies & Components,"New Britain, Connecticut",1982-09-30,93556,1843,93556,"STANLEY BLACK & DECKER, INC.",SWK,NYSE,.N,SWK.N
SWKS,Skyworks Solutions,Information Technology,Semiconductors,"Irvine, California",2015-03-12,4127,2002,4127,"SKYWORKS SOLUTIONS, INC.",SWKS,Nasdaq,.O,SWKS.O
SYK,Stryker Corporation,Health Care,Health Care Equipment,"Kalamazoo, Michigan",2000-12-12,310764,1941,310764,STRYKER CORP,SYK,NYSE,.N,SYK.N
SYY,Sysco,Consumer Staples,Food Distributors,"Houston, Texas",1986-12-31,96021,1969,96021,SYSCO CORP,SYY,NYSE,.N,SYY.N
T,AT&T,Communication Services,Integrated Telecommunication Services,"Dallas, Texas",1983-11-30,732717,1983 (1885),732717,AT&T INC.,T,NYSE,.N,T.N
T,AT&T,Communication Services,Integrated Telecommunication Services,"Dallas, Texas",1983-11-30,732717,1983 (1885),732717,AT&T INC.,TBB,NYSE,.N,T.N
T,AT&T,Communication Services,Integrated Telecommunication Services,"Dallas, Texas",1983-11-30,732717,1983 (1885),732717,AT&T INC.,T-PA,NYSE,.N,T.N
T,AT&T,Communication Services,Integrated Telecommunication Services,"Dallas, Texas",1983-11-30,732717,1983 (1885),732717,AT&T INC.,T-PC,NYSE,.N,T.N
TAP,Molson Coors Beverage Company,Consumer Staples,Brewers,"Chicago, Illinois",1976-06-30,24545,"2005 (Molson 1786, Coors 1873)",24545,MOLSON COORS BEVERAGE CO,TAP,NYSE,.N,TAP.N
TAP,Molson Coors Beverage Company,Consumer Staples,Brewers,"Chicago, Illinois",1976-06-30,24545,"2005 (Molson 1786, Coors 1873)",24545,MOLSON COORS BEVERAGE CO,TAP-A,NYSE,.N,TAP.N
TDG,TransDigm Group,Industrials,Aerospace & Defense,"Cleveland, Ohio",2016-06-03,1260221,1993,1260221,TransDigm Group INC,TDG,NYSE,.N,TDG.N
TDY,Teledyne Technologies,Information Technology,Electronic Equipment & Instruments,"Thousand Oaks, California",2020-06-22,1094285,1960,1094285,TELEDYNE TECHNOLOGIES INC,TDY,NYSE,.N,TDY.N
TECH,Bio-Techne,Health Care,Life Sciences Tools & Services,"Minneapolis, Minnesota",2021-08-30,842023,1976,842023,BIO-TECHNE Corp,TECH,Nasdaq,.O,TECH.O
TEL,TE Connectivity,Information Technology,Electronic Manufacturing Services,"Galway, Ireland",2011-10-17,1385157,2007,1385157,TE Connectivity plc,TEL,NYSE,.N,TEL.N
TER,Teradyne,Information Technology,Semiconductor Materials & Equipment,"North Reading, Massachusetts",2020-09-21,97210,1960,97210,"TERADYNE, INC",TER,Nasdaq,.O,TER.O
TFX,Teleflex,Health Care,Health Care Equipment,"Wayne, Pennsylvania",2019-01-18,96943,1943,96943,TELEFLEX INC,TFX,NYSE,.N,TFX.N
TGT,Target Corporation,Consumer Staples,Consumer Staples Merchandise Retail,"Minneapolis, Minnesota",1976-12-31,27419,1902,27419,TARGET CORP,TGT,NYSE,.N,TGT.N
TJX,TJX Companies,Consumer Discretionary,Apparel Retail,"Framingham, Massachusetts",1985-09-30,109198,1987,109198,TJX COMPANIES INC /DE/,TJX,NYSE,.N,TJX.N
TMO,Thermo Fisher Scientific,Health Care,Life Sciences Tools & Services,"Waltham, Massachusetts",2004-08-03,97745,2006 (1902),97745,THERMO FISHER SCIENTIFIC INC.,TMO,NYSE,.N,TMO.N
TMUS,T-Mobile US,Communication Services,Wireless Telecommunication Services,"Bellevue, Washington",2019-07-15,1283699,1994,1283699,"T-Mobile US, Inc.",TMUS,Nasdaq,.O,TMUS.O
TPL,Texas Pacific Land Corporation,Energy,Oil & Gas Exploration & Production,"Dallas, Texas",2024-11-26,1811074,1888,1811074,Texas Pacific Land Corp,TPL,NYSE,.N,TPL.N
TPR,"Tapestry, Inc.",Consumer Discretionary,"Apparel, Accessories & Luxury Goods","New York City, New York",2004-09-01,1116132,2017,1116132,"TAPESTRY, INC.",TPR,NYSE,.N,TPR.N
TRGP,Targa Resources,Energy,Oil & Gas Storage & Transportation,"Houston, Texas",2022-10-12,1389170,2005,1389170,Targa Resources Corp.,TRGP,NYSE,.N,TRGP.N
TRMB,Trimble Inc.,Information Technology,Electronic Equipment & Instruments,"Westminster, Colorado",2021-01-21,864749,1978,864749,TRIMBLE INC.,TRMB,Nasdaq,.O,TRMB.O
TSCO,Tractor Supply,Consumer Discretionary,Other Specialty Retail,"Brentwood, Tennessee",2014-01-24,916365,1938,916365,TRACTOR SUPPLY CO /DE/,TSCO,Nasdaq,.O,TSCO.O
TSLA,"Tesla, Inc.",Consumer Discretionary,Automobile Manufacturers,"Austin, Texas",2020-12-21,1318605,2003,1318605,"Tesla, Inc.",TSLA,Nasdaq,.O,TSLA.O
TSN,Tyson Foods,Consumer Staples,Packaged Foods & Meats,"Springdale, Arkansas",2005-08-10,100493,1935,100493,"TYSON FOODS, INC.",TSN,NYSE,.N,TSN.N
TT,Trane Technologies,Industrials,Building Products,"Dublin, Ireland",2010-11-17,1466258,1871,1466258,Trane Technologies plc,TT,NYSE,.N,TT.N
TTWO,Take-Two Interactive,Communication Services,Interactive Home Entertainment,"New York City, New York",2018-03-19,946581,1993,946581,TAKE TWO INTERACTIVE SOFTWARE INC,TTWO,Nasdaq,.O,TTWO.O
TXN,Texas Instruments,Information Technology,Semiconductors,"Dallas, Texas",2001-03-12,97476,1930,97476,TEXAS INSTRUMENTS INC,TXN,Nasdaq,.O,TXN.O
TXT,Textron,Industrials,Aerospace & Defense,"Providence, Rhode Island",1978-12-31,217346,1923,217346,TEXTRON INC,TXT,NYSE,.N,TXT.N
TYL,Tyler Technologies,Information Technology,Application Software,"Plano, Texas",2020-06-22,860731,1966,860731,TYLER TECHNOLOGIES INC,TYL,NYSE,.N,TYL.N
UAL,United Airlines Holdings,Industrials,Passenger Airlines,"Chicago, Illinois",2015-09-03,100517,1967,100517,"United Airlines Holdings, Inc.",UAL,Nasdaq,.O,UAL.O
UBER,Uber,Industrials,Passenger Ground Transportation,"San Francisco, California",2023-12-18,1543151,2009,1543151,"Uber Technologies, Inc",UBER,NYSE,.N,UBER.N
UDR,"UDR, Inc.",Real Estate,Multi-Family Residential REITs,"Highlands Ranch, Colorado",2016-03-07,74208,1972,74208,"UDR, Inc.",UDR,NYSE,.N,UDR.N
UHS,Universal Health Services,Health Care,Health Care Facilities,"King of Prussia, Pennsylvania",2014-09-20,352915,1979,352915,UNIVERSAL HEALTH SERVICES INC,UHS,NYSE,.N,UHS.N
ULTA,Ulta Beauty,Consumer Discretionary,Other Specialty Retail,"Bolingbrook, Illinois",2016-04-18,1403568,1990,1403568,"Ulta Beauty, Inc.",ULTA,Nasdaq,.O,ULTA.O
UNH,UnitedHealth Group,Health Care,Managed Health Care,"Minnetonka, Minnesota",1994-07-01,731766,1977,731766,UNITEDHEALTH GROUP INC,UNH,NYSE,.N,UNH.N
UNP,Union Pacific Corporation,Industrials,Rail Transportation,"Omaha, Nebraska",1957-03-04,100885,1862,100885,UNION PACIFIC CORP,UNP,NYSE,.N,UNP.N
UPS,United Parcel Service,Industrials,Air Freight & Logistics,"Sandy Springs, Georgia",2002-07-22,1090727,1907,1090727,UNITED PARCEL SERVICE INC,UPS,NYSE,.N,UPS.N
URI,United Rentals,Industrials,Trading Companies & Distributors,"Stamford, Connecticut",2014-09-20,1067701,1997,1067701,"UNITED RENTALS, INC.",URI,NYSE,.N,URI.N
VICI,Vici Properties,Real Estate,Hotel & Resort REITs,"New York City, New York",2022-06-08,1705696,2017,1705696,VICI PROPERTIES INC.,VICI,NYSE,.N,VICI.N
VLO,Valero Energy,Energy,Oil & Gas Refining & Marketing,"San Antonio, Texas",2002-12-20,1035002,1980,1035002,VALERO ENERGY CORP/TX,VLO,NYSE,.N,VLO.N
VLTO,Veralto,Industrials,Environmental & Facilities Services,"Waltham, Massachusetts",2023-10-02,1967680,2023,1967680,Veralto Corp,VLTO,NYSE,.N,VLTO.N
VMC,Vulcan Materials Company,Materials,Construction Materials,"Birmingham, Alabama",1999-06-30,1396009,1909,1396009,Vulcan Materials CO,VMC,NYSE,.N,VMC.N
VRSK,Verisk Analytics,Industrials,Research & Consulting Services,"Jersey City, New Jersey",2015-10-08,1442145,1971,1442145,"Verisk Analytics, Inc.",VRSK,Nasdaq,.O,VRSK.O
VRSN,Verisign,Information Technology,Internet Services & Infrastructure,"Dulles, Virginia",2006-02-01,1014473,1995,1014473,VERISIGN INC/CA,VRSN,Nasdaq,.O,VRSN.O
VRTX,Vertex Pharmaceuticals,Health Care,Biotechnology,"Boston, Massachusetts",2013-09-23,875320,1989,875320,VERTEX PHARMACEUTICALS INC / MA,VRTX,Nasdaq,.O,VRTX.O
VST,Vistra Corp.,Utilities,Electric Utilities,"Irving, Texas",2024-05-08,1692819,2016,1692819,Vistra Corp.,VST,NYSE,.N,VST.N
VTR,Ventas,Real Estate,Health Care REITs,"Chicago, Illinois",2009-03-04,740260,1998,740260,"Ventas, Inc.",VTR,NYSE,.N,VTR.N
VTRS,Viatris,Health Care,Pharmaceuticals,"Pittsburgh, Pennsylvania",2004-04-23,1792044,1961,1792044,Viatris Inc,VTRS,Nasdaq,.O,VTRS.O
VZ,Verizon,Communication Services,Integrated Telecommunication Services,"New York City, New York",1983-11-30,732712,1983 (1877),732712,VERIZON COMMUNICATIONS INC,VZ,NYSE,.N,VZ.N
WAB,Wabtec,Industrials,Construction Machinery & Heavy Transportation Equipment,"Pittsburgh, Pennsylvania",2019-02-27,943452,1999 (1869),943452,WESTINGHOUSE AIR BRAKE TECHNOLOGIES CORP,WAB,NYSE,.N,WAB.N
WAT,Waters Corporation,Health Care,Life Sciences Tools & Services,"Milford, Massachusetts",2002-01-02,1000697,1958,1000697,WATERS CORP /DE/,WAT,NYSE,.N,WAT.N
WBA,Walgreens Boots Alliance,Consumer Staples,Drug Retail,"Deerfield, Illinois",1979-12-31,1618921,2014,1618921,"Walgreens Boots Alliance, Inc.",WBA,Nasdaq,.O,WBA.O
WBD,Warner Bros. Discovery,Communication Services,Broadcasting,"New York City, New York",2022-04-11,1437107,2022 (Warner Bros. 1923),1437107,"Warner Bros. Discovery, Inc.",WBD,Nasdaq,.O,WBD.O
WDAY,"Workday, Inc.",Information Technology,Application Software,"Pleasanton, California",2024-12-23,1327811,2005,1327811,"Workday, Inc.",WDAY,Nasdaq,.O,WDAY.O
WDC,Western Digital,Information Technology,"Technology Hardware, Storage & Peripherals","San Jose, California",2009-07-01,106040,1970,106040,WESTERN DIGITAL CORP,WDC,Nasdaq,.O,WDC.O
WEC,WEC Energy Group,Utilities,Electric Utilities,"Milwaukee, Wisconsin",2008-10-31,783325,1896,783325,"WEC ENERGY GROUP, INC.",WEC,NYSE,.N,WEC.N
WELL,Welltower,Real Estate,Health Care REITs,"Toledo, Ohio",2009-01-30,766704,1970,766704,WELLTOWER INC.,WELL,NYSE,.N,WELL.N
WM,Waste Management,Industrials,Environmental & Facilities Services,"Houston, Texas",1998-08-31,823768,1968,823768,WASTE MANAGEMENT INC,WM,NYSE,.N,WM.N
WMB,Williams Companies,Energy,Oil & Gas Storage & Transportation,"Tulsa, Oklahoma",1975-03-31,107263,1908,107263,"WILLIAMS COMPANIES, INC.",WMB,NYSE,.N,WMB.N
WMT,Walmart,Consumer Staples,Consumer Staples Merchandise Retail,"Bentonville, Arkansas",1982-08-31,104169,1962,104169,Walmart Inc.,WMT,NYSE,.N,WMT.N
WST,West Pharmaceutical Services,Health Care,Health Care Supplies,"Exton, Pennsylvania",2020-05-22,105770,1923,105770,WEST PHARMACEUTICAL SERVICES INC,WST,NYSE,.N,WST.N
WY,Weyerhaeuser,Real Estate,Timber REITs,"Seattle, Washington",1979-10-01,106535,1900,106535,WEYERHAEUSER CO,WY,NYSE,.N,WY.N
WYNN,Wynn Resorts,Consumer Discretionary,Casinos & Gaming,"Paradise, Nevada",2008-11-14,1174922,2002,1174922,WYNN RESORTS LTD,WYNN,Nasdaq,.O,WYNN.O
XEL,Xcel Energy,Utilities,Multi-Utilities,"Minneapolis, Minnesota",1957-03-04,72903,1909,72903,XCEL ENERGY INC,XEL,Nasdaq,.O,XEL.O
XOM,ExxonMobil,Energy,Integrated Oil & Gas,"Irving, Texas",1957-03-04,34088,1999,34088,EXXON MOBIL CORP,XOM,NYSE,.N,XOM.N
XYL,Xylem Inc.,Industrials,Industrial Machinery & Supplies & Components,"White Plains, New York",2011-11-01,1524472,2011,1524472,Xylem Inc.,XYL,NYSE,.N,XYL.N
YUM,Yum! Brands,Consumer Discretionary,Restaurants,"Louisville, Kentucky",1997-10-06,1041061,1997,1041061,YUM BRANDS INC,YUM,NYSE,.N,YUM.N
ZBH,Zimmer Biomet,Health Care,Health Care Equipment,"Warsaw, Indiana",2001-08-07,1136869,1927,1136869,"ZIMMER BIOMET HOLDINGS, INC.",ZBH,NYSE,.N,ZBH.N
ZBRA,Zebra Technologies,Information Technology,Electronic Equipment & Instruments,"Lincolnshire, Illinois",2019-12-23,877212,1969,877212,ZEBRA TECHNOLOGIES CORP,ZBRA,Nasdaq,.O,ZBRA.O
ZTS,Zoetis,Health Care,Pharmaceuticals,"Parsippany, New Jersey",2013-06-21,1555280,1952,1555280,Zoetis Inc.,ZTS,NYSE,.N,ZTS.N
